ID,Duration__in_seconds_,CRT1,CRT2,CRT3,CRT4,CRT5,CRT6,CRT7,CRT1perf,CRT2perf,CRT3perf,CRT4perf,CRT5perf,CRT6perf,CRT7perf,N1,N2,N3,N1perf,N2perf,N3perf,AOT_1,AOT_2,AOT_3,AOT_4,AOT_5,AOT_6,AOT_7,AOT_8,Climatoskepticism_1,Climatoskepticism_2,Climatoskepticism_3,Climatoskepticism_4,Climatoskepticism_5,Climatoskepticism_6,Climatoskepticism_7,Climatoskepticism_8,Climatoskepticism_9,Climatoskepticism_10,Climatoskepticism_11,Climatoskepticism_12,BeliefScience_1,BeliefScience_2,BeliefScience_3,BeliefScience_4,BeliefScience_5,BeliefScience_6,BeliefScience_7,BeliefScience_8,BeliefScience_9,BeliefScience_10,SciLit1,SciLit2,SciLit3,SciLit4,SciLit5,SciLit6,SciLit7,SciLit8,Gender,Gender_3_TEXT,Age,Ethnicity,Education,MaritalStatus,HouseholdIncome,Mturk,TrapQuestion,Completion,CRT,Numtotal,AOT,BeliefInSciencetotal,Literacy,Climato,filter,filter_$,AOTratio,CRTratio,CognitiveReflection,NumeracyLiteracyIndex
5,99,10,100,47,first,8,emily,3,0,0,1,0,1,1,0,500,10,.1,1,1,0,3,2,3,3,3,1,3,4,2,4,5,2,4,1,1,3,3,1,5,1,4,3,3,1,1,2,1,1,6,2,1,1,1,1,1,1,0,1,1,NA,30,3,5,1,3,59816699,1,1,3,2,22,24,7,32,1,1,0.55,0.42857142857142855,0.4892857142857143,9
6,168,5,100,24,Second,8,June,27,1,0,0,1,1,0,0,333,10,.01,0,1,0,4,3,4,3,2,3,2,3,4,3,4,3,3,4,4,3,4,4,3,4,5,4,5,4,5,5,4,5,4,4,1,1,1,0,1,0,0,0,1,NA,44,1,8,3,3,55152081,1,1,3,1,24,45,4,43,1,1,0.6,0.42857142857142855,0.5142857142857142,5
7,184,.10,100,24,2nd,8,Emily,0,0,0,0,1,1,1,1,500,10,.001,1,1,1,1,5,5,5,2,3,5,1,1,1,1,1,1,1,1,1,1,1,1,1,6,6,5,5,5,5,5,5,6,6,1,1,0,1,1,1,1,1,2,NA,46,1,8,2,4,36247267,1,1,4,3,27,54,7,12,1,1,0.675,0.5714285714285714,0.6232142857142857,10
8,185,2.10,10,24,second,8,june,none,0,0,0,1,1,0,1,2,13,13,0,1,0,4,3,3,2,3,3,3,3,4,3,5,3,5,3,4,3,3,3,4,5,4,3,4,3,3,4,3,3,4,4,1,1,0,1,0,1,1,1,1,NA,33,1,5,2,4,12297965,1,1,3,1,24,35,6,45,1,1,0.6,0.42857142857142855,0.5142857142857142,7
9,242,0.10,100,24,Second,8,Emily,9,0,0,0,1,1,1,0,500,100,10,1,0,0,4,3,4,2,1,3,2,4,3,4,5,4,4,3,5,4,4,4,4,4,4,5,5,4,5,4,3,5,5,4,0,0,0,0,1,0,0,1,1,NA,26,3,7,1,4,31024478,1,1,3,1,23,44,2,48,1,1,0.575,0.42857142857142855,0.5017857142857143,3
10,231,.05,5 minutes,47,Second,8,Emily,0,1,1,1,1,1,1,1,500,10,.001,1,1,1,5,5,5,5,4,5,5,5,1,1,1,1,1,1,1,1,1,1,1,1,6,6,5,4,3,5,4,5,6,6,1,1,0,1,1,1,1,1,2,NA,39,1,4,2,2,34445709,1,1,7,3,39,50,7,12,1,1,0.975,1,0.9875,10
11,195,.10,100,12,2nd,8,Emily,none,0,0,0,1,1,1,1,50,1,1,0,0,0,4,4,2,4,2,3,4,2,4,4,4,4,4,4,4,4,4,5,4,4,5,5,5,5,5,5,5,5,5,6,1,1,1,1,1,1,1,1,2,NA,34,1,8,2,4,41602169,1,1,4,0,25,51,8,49,1,1,0.625,0.5714285714285714,0.5982142857142857,8
12,150,10,5,24,first,8,Emily,12,0,1,0,0,1,1,0,4,100,100,0,0,0,3,4,3,3,3,2,4,3,3,5,3,5,2,4,1,2,2,2,4,2,3,5,3,3,3,4,3,5,3,3,0,0,0,0,1,1,0,1,2,NA,28,1,9,1,3,52627045,1,1,3,0,25,35,3,35,1,1,0.625,0.42857142857142855,0.5267857142857143,3
14,228,.05,5,47,second,8,Emily,27,1,1,1,1,1,1,0,500,10,.1%,1,1,1,4,4,4,4,2,4,4,3,1,1,1,1,1,1,1,1,1,1,2,1,5,5,5,5,5,5,5,5,5,5,1,1,0,0,1,1,1,0,2,NA,41,5,8,2,4,4540799,1,1,6,3,29,50,5,13,1,1,0.725,0.8571428571428571,0.7910714285714285,8
15,158,10,500,48,1,7,june,3,0,0,0,0,0,0,0,6,20,10,0,0,0,4,3,4,3,2,3,2,3,4,3,3,4,3,3,4,3,4,3,4,3,5,4,5,4,5,4,5,4,5,4,1,1,1,1,1,0,1,0,1,NA,32,6,8,1,2,43006683,1,1,0,0,24,45,6,41,1,1,0.6,0,0.3,6
16,194,0.10,100,47,second,8,June,9,0,0,1,1,1,0,0,500,10,0.1,1,1,0,3,4,4,4,3,3,4,3,1,1,1,1,1,1,1,3,1,1,1,1,2,1,1,1,1,1,1,3,2,4,1,1,1,1,1,1,1,1,2,NA,29,1,9,1,2,63235152,1,1,3,2,28,17,8,14,1,1,0.7,0.42857142857142855,0.5642857142857143,10
17,276,$0.10,1 minute,24 days,First,8,Emily,27,0,0,0,0,1,1,0,400,1,1%,0,0,0,4,5,5,5,4,5,5,4,1,1,1,1,1,1,1,1,1,1,1,1,6,6,6,6,4,5,5,6,6,6,1,1,1,1,1,1,1,1,1,NA,20,4,5,1,3,89314942,1,1,2,0,37,56,8,12,1,1,0.925,0.2857142857142857,0.6053571428571429,8
18,282,0.05,5 minutes,47 days,first,8,Emily,27,1,1,1,0,1,1,0,500,10,0.1,1,1,0,3,4,4,4,3,4,4,3,1,1,1,1,1,1,1,2,1,1,1,1,6,6,5,4,4,4,4,4,4,6,1,1,1,1,1,1,1,1,2,NA,46,1,8,2,3,23762307,1,1,5,2,29,47,8,13,1,1,0.725,0.7142857142857143,0.7196428571428571,10
19,265,.05,100,47,2nd,8,Emily,9,1,0,1,1,1,1,0,500,10,.01,1,1,0,2,5,4,5,3,5,5,4,1,1,1,1,1,1,1,1,1,1,1,1,6,5,5,2,4,4,4,6,5,5,1,1,1,1,1,0,1,1,2,NA,23,1,5,3,3,85292754,1,1,5,2,33,46,7,12,1,1,0.825,0.7142857142857143,0.7696428571428571,9
20,299,.05,100,47,second,8,Emily,3,1,0,1,1,1,1,0,500,10,.001,1,1,1,4,5,5,5,5,5,5,3,1,1,1,1,1,1,1,1,1,1,1,1,6,5,5,4,5,5,5,2,6,6,1,1,1,1,1,1,0,0,2,NA,41,6,5,1,2,87359896,1,1,5,3,37,49,6,12,1,1,0.925,0.7142857142857143,0.8196428571428571,9
21,209,.10,100,24,first,7,Unknown,9,0,0,0,0,0,0,0,500,10,.01,1,1,0,4,4,4,4,4,4,4,4,1,1,1,1,1,1,1,1,1,1,1,1,6,6,6,6,6,6,6,6,6,6,1,1,1,1,1,1,1,0,1,NA,32,5,9,1,3,75377549,1,1,0,2,32,60,7,12,1,1,0.8,0,0.4,9
22,294,.10,100,24,1,7,June,9,0,0,0,0,0,0,0,500,1,10,1,0,0,2,4,4,4,2,2,4,4,3,3,2,2,2,2,2,2,2,2,3,3,4,2,2,2,3,3,3,2,3,4,1,1,0,0,1,1,1,1,2,NA,47,1,7,2,3,24701223,1,1,0,1,26,28,6,28,1,1,0.65,0,0.325,7
23,207,10,5,4,1,8,Emily,27,0,1,0,0,1,1,0,543,10,10,1,1,0,4,5,2,4,1,4,3,3,1,2,1,2,2,2,2,2,1,1,4,2,5,4,2,1,2,2,2,2,2,2,1,1,0,1,1,1,1,0,2,NA,42,1,6,2,2,39171051,1,1,3,2,26,24,6,22,1,1,0.65,0.42857142857142855,0.5392857142857143,8
24,290,.05,5,47,2nd,8,Emily,3,1,1,1,1,1,1,0,500,10,.1,1,1,0,4,4,4,5,2,4,4,3,1,1,2,2,2,1,2,2,2,2,2,2,5,5,4,4,4,4,3,4,4,4,1,1,1,1,1,1,0,1,1,NA,24,1,8,1,2,52698822,1,1,6,2,30,41,7,21,1,1,0.75,0.8571428571428571,0.8035714285714286,9
25,345,0.10,5,360,1,8,June,12,0,1,0,0,1,0,0,500,10,1,1,1,0,3,4,4,5,3,4,5,3,5,5,4,3,5,5,5,5,5,5,5,5,6,4,3,1,1,2,1,2,3,5,1,1,0,1,0,1,1,1,2,NA,68,1,5,4,3,33679789,1,1,2,2,31,28,6,57,1,1,0.775,0.2857142857142857,0.5303571428571429,8
26,320,.10,100,24,1st,7,Emily,27',0,0,0,0,0,1,0,500,100,0.001,1,0,1,1,5,3,5,3,2,4,5,3,3,2,2,1,1,1,1,1,1,4,2,4,4,5,2,5,4,2,4,4,4,1,1,0,1,1,0,1,1,2,NA,27,6,5,2,2,48637142,1,1,1,2,28,38,6,22,1,1,0.7,0.14285714285714285,0.4214285714285714,8
29,355,0.10,100,24,1st,7,June,9,0,0,0,0,0,0,0,500,10,1%,1,1,0,4,3,3,5,3,2,3,1,3,2,1,1,1,2,2,1,1,1,1,1,1,1,1,1,1,1,1,4,1,1,1,1,0,1,0,1,1,1,2,NA,29,3,9,1,3,39602331,1,1,0,2,24,13,6,17,1,1,0.6,0,0.3,8
30,368,.05,100 minutes,47,second,8,Emily,27,1,0,1,1,1,1,0,500,10,.01,1,1,0,2,4,5,5,2,4,5,5,1,1,1,1,1,1,1,1,1,1,1,1,5,5,4,2,2,3,3,5,5,5,1,1,1,1,1,1,1,1,2,NA,28,1,8,3,3,47038590,1,1,5,2,32,39,8,12,1,1,0.8,0.7142857142857143,0.7571428571428571,10
31,360,.10,25,24,2nd,8,june,27,0,0,0,1,1,0,0,250,10,100,0,1,0,1,1,1,3,2,1,2,1,5,5,5,1,4,4,4,4,5,4,3,5,1,1,1,1,1,1,1,1,1,2,1,1,1,1,1,1,0,0,1,NA,70,1,7,2,2,1848640,1,1,2,1,12,11,6,49,1,1,0.3,0.2857142857142857,0.2928571428571428,7
32,186,.10,100,36,first,8,june,27,0,0,0,0,1,0,0,500,10,.1,1,1,0,4,3,3,2,2,2,3,3,4,4,3,4,4,3,4,3,4,4,3,4,4,4,5,4,4,4,4,5,4,4,1,1,1,1,1,1,0,1,1,NA,23,5,8,1,5,11418167,1,1,1,2,22,42,7,44,1,1,0.55,0.14285714285714285,0.3464285714285714,9
33,303,.05,5,47,second,8,Emily,0,1,1,1,1,1,1,1,500,10,.1,1,1,0,4,5,5,5,5,5,5,4,2,2,2,2,2,2,2,2,2,2,2,2,5,5,5,5,5,5,5,5,5,5,1,1,1,1,1,1,1,1,1,NA,53,1,9,1,2,86299024,1,1,7,2,38,50,8,24,1,1,0.95,1,0.975,10
34,202,.05,5 minutes,47,second,8,Emily,0,1,1,1,1,1,1,1,500,10,.1,1,1,0,4,5,4,5,4,3,4,4,2,2,1,1,1,1,1,1,1,2,1,1,6,6,5,2,3,4,3,4,4,5,1,1,1,1,1,1,1,1,2,NA,26,5,8,1,1,93197435,1,1,7,2,33,42,8,15,1,1,0.825,1,0.9125,10
35,348,.05,5,47,1st,8,Emily,0,1,1,1,0,1,1,1,500,10,.1,1,1,0,1,4,4,5,3,5,5,5,1,1,1,1,1,1,1,1,1,1,1,1,6,6,6,6,4,6,6,6,5,6,1,1,1,1,1,1,1,0,1,NA,27,3,5,1,2,43827255,1,1,6,2,32,57,7,12,1,1,0.8,0.8571428571428571,0.8285714285714285,9
36,391, .05,5 Minutes,47,Second Place,8,Emily,3,1,1,1,1,1,1,0,500,10,.01,1,1,0,3,5,4,5,3,4,5,5,4,4,3,2,2,2,2,4,2,2,4,4,6,5,6,4,5,5,5,6,6,4,1,1,1,1,1,1,1,1,1,NA,34,2,8,2,4,96928621,1,1,6,2,34,52,8,35,1,1,0.85,0.8571428571428571,0.8535714285714285,10
37,162,0.10,100,24,2,8,Emily,9,0,0,0,0,1,1,0,100,100,10,0,0,0,4,3,4,3,2,3,2,4,4,3,4,4,4,4,5,4,4,3,4,4,4,6,5,5,4,4,5,5,5,6,0,0,1,0,1,0,0,1,1,NA,26,3,7,1,6,34148128,1,1,2,0,25,49,3,47,1,1,0.625,0.2857142857142857,0.45535714285714285,3
38,364,.5 CENTS,5 MINUTES,24,2nd,8,june,12,1,1,0,1,1,0,0,50%,10,1percent,0,1,0,3,2,3,3,4,5,4,3,3,2,2,1,2,3,4,3,2,3,3,2,3,3,4,4,3,3,4,4,5,3,1,1,0,1,0,0,1,1,2,NA,47,1,5,5,2,72954172,1,1,4,1,27,36,5,30,1,1,0.675,0.5714285714285714,0.6232142857142857,6
39,443,$.10,100 minutes,24,Second Place,8,Emily,27,0,0,0,1,1,1,0,500,10,.1%,1,1,1,3,5,5,3,4,4,2,4,1,1,1,1,1,1,1,1,1,1,1,1,6,6,6,4,5,6,6,6,6,6,1,1,1,1,1,1,1,1,2,NA,22,1,8,1,2,11587236,1,1,3,3,30,57,8,12,1,1,0.75,0.42857142857142855,0.5892857142857143,11
40,454,60,10,24,first,27,june,27,0,0,0,0,0,0,0,50,1,1%,0,0,0,5,5,5,5,1,1,5,4,1,1,1,1,1,3,4,3,3,1,3,3,5,3,4,4,4,5,5,5,5,5,1,0,1,1,1,1,1,1,2,NA,23,2,4,1,1,21097705,1,1,0,0,31,45,7,25,1,1,0.775,0,0.3875,7
41,303,.10,500 minutes,24 days,second,8,Emily,27 cubic feet,0,0,0,1,1,1,0,500,10,.01,1,1,0,4,4,4,5,3,3,4,4,1,1,2,2,2,2,4,4,2,4,2,2,4,5,5,5,2,2,4,4,5,5,0,1,1,0,1,1,0,1,1,NA,31,5,8,2,3,82219146,1,1,3,2,31,41,5,28,1,1,0.775,0.42857142857142855,0.6017857142857143,7
42,449,.05,5,47,2,8,emily,0,1,1,1,0,1,1,1,500,10,.01,1,1,0,4,5,5,5,5,5,5,5,1,1,1,1,1,1,1,1,1,1,1,1,6,6,6,6,6,6,6,6,6,6,1,1,1,1,1,1,0,0,1,NA,65,1,8,2,4,51322586,1,1,6,2,39,60,6,12,1,1,0.975,0.8571428571428571,0.9160714285714285,8
43,229,.05,5 minutes,24 days,1st,8,June,3,1,1,0,0,1,0,0,500,10,.1,1,1,0,3,3,4,2,2,4,4,4,4,4,2,4,3,3,4,4,2,4,3,5,4,3,4,4,2,3,3,4,3,3,1,1,1,1,1,1,0,1,1,NA,24,1,7,3,2,42146650,1,1,3,2,26,33,7,42,1,1,0.65,0.42857142857142855,0.5392857142857143,9
44,137,1,15,96,second place,15,may,3,0,0,0,1,0,0,0,4,10,1000,0,1,0,4,4,4,3,2,2,2,3,4,4,5,4,4,4,3,4,4,4,4,3,6,5,4,4,3,4,4,5,5,5,1,0,0,1,1,0,1,0,1,NA,32,1,7,1,2,12844097,1,1,1,1,24,45,4,47,1,1,0.6,0.14285714285714285,0.37142857142857144,5
45,325,10,100,24,first,7,June,27,0,0,0,0,0,0,0,4,100,10,0,0,0,5,5,5,1,1,1,1,5,1,1,1,1,1,1,1,1,1,1,5,5,1,1,6,6,6,6,6,6,6,6,1,1,0,1,1,0,1,1,2,NA,56,1,8,1,2,22273837,1,1,0,0,24,50,6,20,1,1,0.6,0,0.3,6
46,444,0.05,500,47,2,8,Emily,0,1,0,1,0,1,1,1,500,10,1,1,1,0,4,5,5,5,3,5,5,5,1,1,1,5,1,1,1,1,1,1,1,1,6,5,5,4,4,3,2,3,4,5,1,1,1,1,1,1,1,1,2,NA,23,1,8,1,3,6640775,1,1,5,2,37,41,8,16,1,1,0.925,0.7142857142857143,0.8196428571428571,10
47,247,.1,5,47,second,8,Emily,3,0,1,1,1,1,1,0,500,1,1,1,0,0,4,4,4,4,3,4,4,3,1,1,1,1,1,1,1,1,1,1,1,1,5,5,5,5,5,5,5,5,5,5,1,0,1,0,1,1,0,1,2,NA,27,2,5,3,3,83687572,1,1,5,1,30,50,5,12,1,1,0.75,0.7142857142857143,0.7321428571428572,6
48,326,10,20,12,first place,7,June,27,0,0,0,0,0,0,0,500,10,1,1,1,0,4,2,2,3,3,2,2,3,4,4,3,4,4,3,4,4,3,4,4,4,4,2,5,5,4,5,5,5,6,6,1,1,1,1,1,0,0,1,1,NA,56,5,8,1,2,29316338,1,1,0,2,21,47,6,45,1,1,0.525,0,0.2625,8
50,509,0.10,100,24,second,8,Emily,3,0,0,0,1,1,1,0,500,100,0.1,1,0,0,4,5,5,5,3,5,5,3,3,3,2,5,3,3,3,3,3,4,4,4,2,6,2,3,3,2,2,3,2,6,1,1,1,1,1,1,1,1,2,NA,21,1,5,1,2,1214425,1,1,3,1,35,31,8,40,1,1,0.875,0.42857142857142855,0.6517857142857143,9
52,402,0.10,5,24,1,7,Emily,27,0,1,0,0,0,1,0,2,1,50,0,0,0,4,3,3,4,3,3,2,3,4,3,3,2,3,3,2,2,3,4,3,3,4,3,3,2,4,5,4,2,3,4,1,0,1,1,1,1,1,0,1,NA,29,1,8,1,3,96143602,1,1,2,0,25,34,6,35,1,1,0.625,0.2857142857142857,0.45535714285714285,6
54,239,1.10,500,24,First,8,June,30,0,0,0,0,1,0,1,50,1,2,0,0,0,4,4,4,4,4,4,4,4,2,2,3,2,2,2,2,2,3,3,2,4,5,5,5,5,5,5,5,5,5,5,1,1,0,1,1,1,1,0,1,NA,31,1,8,1,2,70185761,1,1,2,0,32,50,6,29,1,1,0.8,0.2857142857142857,0.5428571428571429,6
56,344,.10,5,47,second,8,Emily,9,0,1,1,1,1,1,0,500,10,0.01,1,1,0,2,4,4,4,2,2,5,4,1,1,1,1,1,1,1,1,1,1,1,1,3,5,3,3,3,2,2,4,4,6,0,1,1,1,0,1,1,1,2,NA,23,3,8,1,6,18432303,1,1,5,2,27,35,6,12,1,1,0.675,0.7142857142857143,0.6946428571428571,8
57,454,0.60,100,24,2,8,Emily,27,0,0,0,0,1,1,0,6,100,95,0,0,0,4,4,5,1,2,3,3,3,4,4,1,4,4,5,4,4,5,4,5,5,5,5,5,5,6,5,5,6,6,6,0,0,1,0,1,0,1,1,2,NA,28,1,8,2,4,70922615,1,1,2,0,25,54,4,49,1,1,0.625,0.2857142857142857,0.45535714285714285,4
58,483,.10,100,24,1st,8,june,27,0,0,0,0,1,0,0,500,10,.001,1,1,1,4,5,5,5,3,4,5,3,1,1,1,5,1,2,3,1,1,1,3,3,6,6,6,3,6,5,6,5,6,5,1,1,1,1,1,1,0,0,1,NA,20,2,4,1,3,77846859,1,1,1,3,34,54,6,23,1,1,0.85,0.14285714285714285,0.49642857142857144,9
59,370,.10,100,12,second,8,emily,0,0,0,0,1,1,1,1,300,10,1,0,1,0,3,5,5,4,3,4,5,4,1,1,1,1,1,1,1,1,1,1,2,1,6,5,5,4,4,5,4,5,5,5,1,1,1,1,0,0,0,1,2,NA,45,1,8,6,2,6290170,1,1,4,1,33,48,5,13,1,1,0.825,0.5714285714285714,0.6982142857142857,6
60,195,.05,5 minutes,47 days,second,8,Emily,27,1,1,1,1,1,1,0,500,10,.1%,1,1,1,5,5,5,5,5,5,5,5,1,1,1,1,1,1,1,1,1,2,1,1,6,6,6,6,5,6,2,4,6,6,1,1,1,1,1,1,1,1,2,NA,36,1,9,2,4,64393306,1,1,6,3,40,53,8,13,1,1,1,0.8571428571428571,0.9285714285714286,11
61,489,.10,500,24,second,8,Emily,9,0,0,0,1,1,1,0,500,100,.001,1,0,1,5,5,5,5,3,5,5,5,2,2,1,1,2,3,2,4,2,2,4,4,6,6,5,3,3,2,2,2,4,6,1,1,1,1,1,1,1,1,1,NA,53,1,5,2,2,39942931,1,1,3,2,38,39,8,29,1,1,0.95,0.42857142857142855,0.6892857142857143,10
63,542,0.05,5,47,2,8,Emily,0,1,1,1,0,1,1,1,450,10,0.10,0,1,0,4,5,5,5,3,4,5,4,4,4,1,1,1,4,1,4,2,2,4,4,6,6,4,4,5,6,5,3,5,6,1,1,1,1,1,1,0,1,2,NA,40,1,5,1,2,298295,1,1,6,1,35,50,7,32,1,1,0.875,0.8571428571428571,0.8660714285714286,8
64,449,.10,100,24,1ST,7,EMILY,27,0,0,0,0,0,1,0,500,10,.1,1,1,0,4,5,2,4,2,2,4,1,4,2,2,2,2,3,4,3,2,4,3,3,2,5,4,4,5,5,4,6,5,5,1,1,1,1,1,1,1,0,1,NA,23,1,8,2,2,60834877,1,1,1,2,24,45,7,34,1,1,0.6,0.14285714285714285,0.37142857142857144,9
66,461,",10",100,24,first,7,june,9,0,0,0,0,0,0,0,6,1,1,0,0,0,1,5,5,5,5,5,5,3,1,1,1,2,2,2,4,4,1,1,2,2,6,6,6,1,2,2,5,1,4,5,1,1,0,1,1,1,0,0,2,NA,68,1,8,3,2,64892974,1,1,0,0,34,38,5,23,1,1,0.85,0,0.425,5
67,470,0.05,5 minutes,47 days,second,7,Emily,27,1,1,1,1,0,1,0,500,10,0.1,1,1,0,3,4,4,3,3,2,3,4,4,4,1,2,2,2,3,4,3,2,3,4,5,6,4,4,4,5,4,6,5,6,0,0,1,0,1,0,0,1,1,NA,26,1,8,1,3,77377397,1,1,5,2,26,49,3,34,1,1,0.65,0.7142857142857143,0.6821428571428572,5
68,582,0.10,100,28,first place,7,june,24,0,0,0,0,0,0,0,2,100,999,0,0,1,4,4,3,4,2,2,2,3,2,1,1,4,4,5,1,1,4,5,5,5,5,6,6,6,6,5,5,6,6,6,1,1,0,1,1,0,1,0,1,NA,39,2,8,2,3,94617522,1,1,0,1,24,57,5,38,1,1,0.6,0,0.3,6
69,295,10,100,24,First,7,June,3,0,0,0,0,0,0,0,1000,100,1,0,0,0,5,3,3,3,2,2,3,3,5,5,3,2,5,3,3,5,3,5,5,4,5,5,4,2,5,3,5,2,5,3,1,0,0,1,1,0,0,0,1,NA,35,3,8,2,3,43428444,1,1,0,0,24,39,3,48,1,1,0.6,0,0.3,3
70,434,.05,100,47 days,second place,8,Emily,27,1,0,1,1,1,1,0,500,10,.1,1,1,0,4,5,5,4,4,5,5,4,1,1,1,1,1,1,1,1,1,1,1,1,4,4,3,2,3,4,3,6,5,6,1,1,1,1,1,1,1,1,1,NA,27,1,8,2,2,5923075,1,1,5,2,36,40,8,12,1,1,0.9,0.7142857142857143,0.8071428571428572,10
71,316,.10,5 minutes,47 days,1st place,8,June,27,0,1,1,0,1,0,0,500,10,.1%,1,1,1,5,4,4,5,1,1,4,4,2,2,5,5,5,1,5,5,5,5,5,5,5,2,3,2,2,2,2,3,3,4,1,1,1,1,1,1,1,0,1,NA,64,1,8,2,2,11761420,1,1,3,3,28,28,7,50,1,1,0.7,0.42857142857142855,0.5642857142857143,10
72,374,.10,100,47,Second place,8,Emily,27,0,0,1,1,1,1,0,500,10,.1%,1,1,1,5,5,5,5,5,5,5,1,1,1,1,1,1,1,1,1,1,1,1,1,6,6,6,2,3,3,2,3,5,6,1,1,1,0,1,1,1,1,1,NA,24,6,7,1,2,15943866,1,1,4,3,36,42,7,12,1,1,0.9,0.5714285714285714,0.7357142857142858,10
73,400,.10,100,47,first,8,Emily,3,0,0,1,0,1,1,0,300,10,.5%,0,1,0,5,5,5,5,4,5,5,5,1,1,1,1,1,1,1,1,1,1,1,1,6,6,6,6,5,6,6,5,6,6,1,1,1,1,1,1,1,1,2,NA,49,1,5,5,2,15130925,1,1,3,1,39,58,8,12,1,1,0.975,0.42857142857142855,0.7017857142857142,9
74,583,five cents,five,forty-seven,second place,eight,Emily,three,1,1,1,1,1,1,0,500,ten,0.1%,1,1,1,4,5,5,5,3,5,5,3,1,1,1,1,1,1,1,1,1,2,1,1,6,6,4,4,6,6,5,3,6,6,1,1,1,1,1,1,0,1,1,NA,31,1,5,3,3,91823272,1,1,6,3,35,52,7,13,1,1,0.875,0.8571428571428571,0.8660714285714286,10
75,561,.05,5 minutes,47,second,8,Emily,none. It's a hole.,1,1,1,1,1,1,1,500,10,.10,1,1,0,1,5,5,4,3,3,5,3,4,4,2,1,4,2,2,5,5,2,5,5,4,5,5,1,5,5,3,5,6,3,1,1,1,1,1,1,1,1,1,NA,29,1,5,2,3,39778546,1,1,7,2,29,42,8,41,1,1,0.725,1,0.8625,10
76,312,.10,5 minutes,47 days,first,7,Emily,27,0,1,1,0,0,1,0,500,10,.1,1,1,0,3,4,4,4,2,1,4,3,4,3,4,4,4,3,3,4,5,5,4,4,5,4,5,3,2,4,4,3,4,4,1,1,1,1,1,1,1,1,1,NA,42,1,8,6,2,56766868,1,1,3,2,25,38,8,47,1,1,0.625,0.42857142857142855,0.5267857142857143,10
77,522,.10,100,24,first,7,June,9,0,0,0,0,0,0,0,500,10,1,1,1,0,2,4,4,3,3,4,3,4,2,3,4,4,3,2,3,4,4,4,3,2,2,4,4,4,3,2,3,4,5,5,1,1,0,1,1,0,1,0,1,NA,30,1,5,1,2,11387869,1,1,0,2,27,36,5,38,1,1,0.675,0,0.3375,7
78,534,1.05,5 minutes,47 days,second,8,emily,0,0,1,1,1,1,1,1,500,10,1,1,1,0,3,4,5,5,3,4,4,3,1,1,1,1,1,1,1,1,1,1,1,1,4,4,4,1,1,1,1,1,4,4,1,1,1,1,1,1,1,1,2,NA,19,3,5,1,2,645486,1,1,6,2,31,25,8,12,1,1,0.775,0.8571428571428571,0.8160714285714286,10
79,183,0.10,5,24,2,8,Emily,9,0,1,0,0,1,1,0,10,100,10,0,0,0,5,4,5,2,3,1,2,4,3,3,4,4,4,3,4,4,4,4,4,4,5,5,4,4,3,4,5,4,3,5,1,1,0,1,1,0,0,1,1,NA,22,1,7,3,4,86515907,1,1,3,0,26,42,5,45,1,1,0.65,0.42857142857142855,0.5392857142857143,5
80,508,.10,100 minutes,24,first,8,June,3 feet,0,0,0,0,1,0,0,333,1,1,0,0,0,3,4,4,4,3,3,4,4,1,1,1,5,1,1,1,1,1,1,1,1,2,2,2,2,2,2,5,2,2,2,1,1,1,1,1,1,1,1,2,NA,33,3,8,5,2,45057342,1,1,1,0,29,23,8,16,1,1,0.725,0.14285714285714285,0.43392857142857144,8
81,279,0.1,100,24,Second place,8,Emily,27,0,0,0,1,1,1,0,500,10,0.001,1,1,1,4,3,4,2,1,2,3,4,4,3,4,5,4,2,3,4,5,4,5,4,4,6,5,4,4,5,4,6,5,5,1,0,1,0,1,1,1,1,2,NA,25,3,8,1,2,49823208,1,1,3,3,23,48,6,47,1,1,0.575,0.42857142857142855,0.5017857142857143,9
82,651,.10,100 minutes,24 days,first,7,June,9,0,0,0,0,0,0,0,500,10,1,1,1,0,4,3,3,5,2,3,4,2,3,3,2,2,3,2,3,3,2,2,3,2,4,3,4,3,3,3,3,4,4,4,1,0,0,1,1,1,0,0,2,NA,55,1,5,2,3,47113110,1,1,0,2,26,35,4,30,1,1,0.65,0,0.325,6
83,426,10 cents,5 minutes,36 days,second place,8,Emily,27,0,1,0,1,1,1,0,500,10,.10,1,1,0,4,4,5,5,3,4,4,4,1,1,1,1,1,1,1,2,1,1,2,1,5,6,4,4,4,4,3,4,5,6,1,1,0,0,0,1,1,1,2,NA,53,1,5,2,3,45506643,1,1,4,2,33,45,5,14,1,1,0.825,0.5714285714285714,0.6982142857142857,7
84,479,.10,5 minutes,47,Second,8,Emily,0,0,1,1,1,1,1,1,500,10,.001,1,1,1,3,4,3,5,3,4,5,4,5,1,1,1,1,1,1,1,1,1,1,1,6,6,5,5,5,5,4,5,5,6,1,1,0,1,1,1,0,1,2,NA,23,1,5,1,3,79614267,1,1,6,3,31,52,6,16,1,1,0.775,0.8571428571428571,0.8160714285714286,9
85,155,2.10,100,24,first,7,june,9,0,0,0,0,0,0,0,500,10,.01,1,1,0,2,3,3,2,4,2,3,4,3,4,3,4,3,2,5,2,4,2,3,2,3,4,3,5,4,3,4,2,4,3,1,1,1,1,1,1,1,1,2,NA,28,1,7,1,2,16883724,1,1,0,2,23,35,8,37,1,1,0.575,0,0.2875,10
87,361,.10,100,24,First,8,Emily,9,0,0,0,0,1,1,0,50,10,1,0,1,0,1,3,4,5,1,4,4,3,1,1,1,1,1,1,1,1,1,1,1,1,6,6,6,6,4,6,6,6,6,6,1,1,1,1,1,1,1,1,2,NA,55,1,5,2,3,13839733,1,1,2,1,25,58,8,12,1,1,0.625,0.2857142857142857,0.45535714285714285,9
88,559,.10,100,24,FIRST,7,JUNE,27,0,0,0,0,0,0,0,500,10,1,1,1,0,3,4,4,5,3,2,5,2,1,1,1,5,2,1,1,1,1,1,2,1,4,1,1,1,1,1,1,2,2,4,1,1,1,1,1,1,1,0,2,NA,55,1,5,2,6,39971554,1,1,0,2,28,18,7,18,1,1,0.7,0,0.35,9
89,389,.10,100 minutes,47 days,First place,7,June,3,0,0,1,0,0,0,0,500,10,.01,1,1,0,4,4,4,4,3,4,5,3,1,1,1,1,1,2,1,1,2,2,2,1,6,5,5,2,2,2,2,2,4,5,1,1,1,1,1,1,1,1,2,NA,58,1,8,3,3,7207218,1,1,1,2,31,35,8,16,1,1,0.775,0.14285714285714285,0.45892857142857146,10
90,518,.10,500 minutes,24,second place,8,June,9,0,0,0,1,1,0,0,500,10,1%,1,1,0,3,5,5,5,4,5,5,3,1,1,1,1,1,1,1,1,1,1,1,1,5,1,3,3,2,2,2,4,4,5,1,1,1,1,0,0,1,1,1,NA,40,1,8,1,5,76342510,1,1,2,2,35,31,6,12,1,1,0.875,0.2857142857142857,0.5803571428571428,8
91,331,0.05,5,47,1st,8,Emily,27,1,1,1,0,1,1,0,500,10,.1%,1,1,1,2,5,4,3,2,3,5,5,3,3,2,4,2,3,4,2,2,3,4,4,5,4,4,2,5,2,3,3,4,4,1,1,1,1,1,1,1,1,1,NA,24,5,8,1,2,74149019,1,1,5,3,29,36,8,36,1,1,0.725,0.7142857142857143,0.7196428571428571,11
92,231,.10,100,24,second,8,Emily,27,0,0,0,1,1,1,0,500,10,1%,1,1,0,3,4,4,4,3,3,3,3,4,4,4,2,3,3,4,3,3,3,3,4,4,4,4,4,4,4,4,4,4,4,1,1,0,1,1,0,1,1,2,NA,49,1,5,2,3,42264334,1,1,3,2,27,40,6,40,1,1,0.675,0.42857142857142855,0.5517857142857143,8
94,535,10 cents,1 min.,24 days,2nd place,8,Emily,3 cubic feet,0,0,0,1,1,1,0,half of the time,1,1,1,0,0,3,4,4,4,5,4,4,4,1,1,1,2,2,2,2,1,1,2,2,1,4,4,3,3,2,4,3,2,3,6,1,1,0,1,1,1,1,1,2,NA,39,1,8,2,3,60204133,1,1,3,1,32,34,7,18,1,1,0.8,0.42857142857142855,0.6142857142857143,8
95,653,$0.10,500 minutes,24,Second,8,Emily,27 cubic feet,0,0,0,1,1,1,0,300?,10,10 percent,0,1,0,3,5,5,5,4,5,5,5,1,1,1,1,1,1,1,1,1,1,1,1,6,4,6,3,4,5,6,4,5,6,1,1,1,1,1,1,1,1,2,NA,31,1,5,1,2,58158543,1,1,3,1,37,49,8,12,1,1,0.925,0.42857142857142855,0.6767857142857143,9
96,533,1.05,5,47,First,8,Emily,3,0,1,1,0,1,1,0,500,10,.01,1,1,0,3,2,4,3,4,4,2,3,1,3,1,1,1,1,1,1,1,1,1,1,5,2,5,4,3,4,4,5,4,5,1,1,1,1,1,1,1,1,2,NA,42,1,8,2,3,20893351,1,1,4,2,25,41,8,14,1,1,0.625,0.5714285714285714,0.5982142857142857,10
97,424,.10,1 minute,47,2nd place,8,emily,27,0,0,1,1,1,1,0,500,100,.1,1,0,0,2,4,2,4,2,2,4,2,2,2,1,1,1,2,2,2,1,2,1,2,4,3,4,4,3,4,4,3,4,5,1,1,1,0,1,1,1,1,2,NA,26,2,8,1,2,40808055,1,1,4,1,22,38,7,19,1,1,0.55,0.5714285714285714,0.5607142857142857,8
99,230,.10,5 minutes,24,second,7,June,27,0,1,0,1,0,0,0,500,.1,.1,1,0,0,4,4,5,4,3,2,4,3,2,2,2,3,2,2,2,2,2,2,2,2,5,5,5,5,5,6,6,5,5,5,1,1,0,1,1,1,1,1,2,NA,39,1,8,1,2,68151863,1,1,2,1,29,52,7,25,1,1,0.725,0.2857142857142857,0.5053571428571428,8
100,676,0.10,100,24,2,7,Emily,27,0,0,0,0,0,1,0,6,0.001,0.001,0,0,1,4,5,4,4,3,1,3,4,4,3,1,4,3,3,5,4,4,2,3,4,5,4,6,4,6,5,4,6,3,3,1,1,1,1,1,1,0,0,1,NA,36,3,8,2,3,95629462,1,1,1,1,28,46,6,40,1,1,0.7,0.14285714285714285,0.4214285714285714,7
101,542,.10,100 minutes,24,first,8,June,9,0,0,0,0,1,0,0,4,1,1,0,0,0,4,4,4,4,2,3,4,4,2,2,1,3,3,2,3,2,2,4,2,3,4,4,4,1,2,2,2,2,2,4,1,1,0,0,0,1,0,1,2,NA,54,1,5,5,3,52671853,1,1,1,0,29,27,4,29,1,1,0.725,0.14285714285714285,0.43392857142857144,4
102,210,.10,100,47,second,8,Emily,3,0,0,1,1,1,1,0,500,10,.01,1,1,0,2,4,4,3,1,2,4,3,4,2,2,3,2,3,3,5,4,2,3,3,5,4,5,5,2,4,4,3,5,4,1,1,1,1,1,1,1,0,2,NA,28,1,8,2,3,25609132,1,1,4,2,23,41,7,36,1,1,0.575,0.5714285714285714,0.5732142857142857,9
103,441,.10,100,24,1st,8,Emily,9,0,0,0,0,1,1,0,500,1%,1%,1,0,0,3,5,4,5,5,5,5,5,2,1,1,1,1,1,1,1,1,1,1,1,6,6,6,3,3,4,5,5,6,6,1,0,0,0,0,0,0,1,2,NA,36,1,8,1,1,91812257,1,1,2,1,37,50,2,13,1,1,0.925,0.2857142857142857,0.6053571428571429,3
105,423,.10,100,24,First Place,7,June,27,0,0,0,0,0,0,0,100,100,0.001,0,0,1,3,3,3,4,1,3,3,3,3,3,2,2,3,3,3,3,2,3,3,3,4,4,4,4,4,4,4,4,5,4,1,0,0,1,1,1,1,0,2,NA,48,2,8,2,2,12902505,1,1,0,1,23,41,5,33,1,1,0.575,0,0.2875,6
106,227,.10,100,28,second,7,june,27,0,0,0,1,0,0,0,6,60,50,0,0,0,3,3,3,3,3,3,3,3,3,3,3,3,3,3,3,3,3,3,3,3,4,4,4,4,4,4,4,4,4,4,1,0,1,1,1,1,1,0,2,NA,35,5,4,2,2,63301788,1,1,1,0,24,40,6,36,1,1,0.6,0.14285714285714285,0.37142857142857144,6
108,117,10,5,47,second,8,emily,27,0,1,1,1,1,1,0,10,1,1,0,0,0,3,3,3,3,4,5,2,2,1,2,2,4,2,2,3,2,4,2,3,4,2,5,3,4,3,2,3,3,4,5,1,1,0,1,0,1,1,0,1,NA,27,1,5,2,2,83754255,1,1,5,0,25,34,5,31,1,1,0.625,0.7142857142857143,0.6696428571428572,5
109,310,.10,5,24,second,8,June,9,0,1,0,1,1,0,0,500,.01,.01,1,0,0,3,5,5,5,2,2,4,2,1,1,1,1,1,1,1,1,1,1,4,1,6,6,6,6,6,6,6,6,6,6,1,0,0,0,1,1,1,1,2,NA,52,1,7,5,2,82810413,1,1,3,1,28,60,5,15,1,1,0.7,0.42857142857142855,0.5642857142857143,6
111,637,.10,5,47,second,8,Emily,27,0,1,1,1,1,1,0,500,10,.001,1,1,1,3,3,2,4,3,3,4,2,2,2,2,3,2,2,2,2,2,2,2,2,5,5,4,4,2,2,2,4,4,4,1,1,1,1,1,1,1,0,1,NA,40,1,8,2,3,31461639,1,1,5,3,24,36,7,25,1,1,0.6,0.7142857142857143,0.6571428571428571,10
112,715,.10,5 minutes,36 days,first,8,Emily,27,0,1,0,0,1,1,0,500,10,.001%,1,1,0,4,5,3,5,2,5,5,2,1,1,1,1,1,1,1,1,1,2,4,2,6,4,6,6,6,3,5,6,6,6,1,1,1,0,1,1,0,0,2,NA,31,1,9,3,3,83537958,1,1,3,2,31,54,5,17,1,1,0.775,0.42857142857142855,0.6017857142857143,7
113,442,5 cents,5 minutes,47,second place,8,emily,27,1,1,1,1,1,1,0,500,10,.01,1,1,0,3,4,5,5,4,5,5,5,1,1,1,1,1,1,1,1,1,1,2,1,5,5,5,4,4,4,4,4,4,5,1,1,1,1,1,1,1,1,2,NA,57,1,9,2,4,90103061,1,1,6,2,36,44,8,13,1,1,0.9,0.8571428571428571,0.8785714285714286,10
114,787,.05,5 MINUTES,47,second,8,Emily,0,1,1,1,1,1,1,1,500,10,.1,1,1,0,5,5,5,5,5,5,5,5,1,1,1,1,1,1,1,2,2,1,3,2,2,5,5,4,3,4,3,4,5,5,1,1,1,1,1,1,1,1,1,NA,71,3,8,2,2,49316526,1,1,7,2,40,40,8,17,1,1,1,1,1,10
115,184,.05,5,47,Second,8,Emily,0,1,1,1,1,1,1,1,500,100,.01,1,0,0,3,5,4,4,3,3,4,2,4,4,4,2,4,4,4,4,5,4,4,5,1,2,2,1,1,1,1,1,2,3,1,1,1,1,1,1,1,1,2,NA,26,1,8,2,3,11378795,1,1,7,1,28,15,8,48,1,1,0.7,1,0.85,9
116,336,.10,100,12,1,8,Emily,9,0,0,0,0,1,1,0,500,10,.10,1,1,0,3,3,3,4,2,2,3,3,2,2,1,3,2,2,2,2,2,2,3,3,2,3,2,2,3,2,2,4,4,4,1,1,0,1,0,1,1,0,2,NA,37,1,6,2,2,27340207,1,1,2,2,23,28,5,26,1,1,0.575,0.2857142857142857,0.4303571428571428,7
117,587,.09,5 minutes,47,second place,8,Emily,9,0,1,1,1,1,1,0,500,10,0.01,1,1,0,3,5,4,4,2,2,3,5,5,5,5,1,1,5,1,5,5,5,5,5,5,5,2,1,2,4,2,3,4,3,1,1,1,1,1,1,1,1,1,NA,32,1,5,1,1,22713611,1,1,5,2,28,31,8,48,1,1,0.7,0.7142857142857143,0.7071428571428571,10
118,389,.10,5,12,first,8,June,27,0,1,0,0,1,0,0,500,10,0.001,1,1,1,3,4,4,4,2,3,4,4,1,1,1,1,1,1,1,1,1,2,3,2,5,5,5,3,4,4,4,5,5,5,1,0,0,0,1,0,1,0,2,NA,69,3,8,4,3,89980611,1,1,2,3,28,45,3,16,1,1,0.7,0.2857142857142857,0.4928571428571428,6
119,245,.10,100,24,second,7,emily,27,0,0,0,1,0,1,0,60,10,1,0,1,0,3,4,3,3,1,3,2,5,3,4,5,3,5,4,5,3,4,5,5,4,4,5,5,6,5,6,5,5,6,5,1,0,1,1,1,1,0,0,1,NA,25,3,5,2,2,38145727,1,1,2,1,24,52,5,50,1,1,0.6,0.2857142857142857,0.44285714285714284,6
120,226,1.05,5 minutes,47 dyas,second,8,emily,0,0,1,1,1,1,1,1,500,10,1,1,1,0,2,4,4,5,3,4,4,4,1,1,1,1,1,1,1,1,1,1,1,1,4,4,1,1,1,1,1,1,1,1,1,1,1,1,1,1,1,1,2,NA,19,3,5,1,2,96253303,1,1,6,2,30,16,8,12,1,1,0.75,0.8571428571428571,0.8035714285714286,10
121,428,.10,5 minutes,24,First,8,June,9,0,1,0,0,1,0,0,500,1,1,1,0,0,4,5,3,4,4,4,4,3,2,2,1,1,2,2,2,2,2,2,3,2,5,5,4,3,2,2,1,3,3,5,1,1,1,1,0,0,1,1,2,NA,44,1,5,5,2,16247176,1,1,2,1,31,33,6,23,1,1,0.775,0.2857142857142857,0.5303571428571429,7
122,491,.10,5,47,first,8,Emily,28,0,1,1,0,1,1,0,500,10,1,1,1,0,3,4,4,5,4,5,5,3,1,1,1,1,1,1,1,1,1,1,2,1,5,5,3,3,2,3,3,4,4,5,1,1,0,1,1,1,1,1,2,NA,58,1,5,2,3,41224417,1,1,4,2,33,37,7,13,1,1,0.825,0.5714285714285714,0.6982142857142857,9
124,440,.10,100,24,first,8,emily,27,0,0,0,0,1,1,0,half,1,.001,1,0,1,3,4,3,4,2,3,2,4,2,2,3,3,1,3,4,4,3,2,3,2,4,3,4,3,4,4,3,4,4,3,1,1,0,1,1,1,1,1,1,NA,21,5,8,1,2,69556409,1,1,2,2,25,36,7,32,1,1,0.625,0.2857142857142857,0.45535714285714285,9
125,439,.05,5 minutes,24 days,second,8,Emily,27 cubic feet,1,1,0,1,1,1,0,500,10,0.1%,1,1,1,3,4,4,4,4,3,4,2,3,3,3,4,4,4,4,4,3,3,4,4,5,3,2,2,3,2,2,3,2,3,1,1,1,1,1,1,1,1,1,NA,60,1,8,2,3,36932298,1,1,5,3,28,27,8,43,1,1,0.7,0.7142857142857143,0.7071428571428571,11
126,851,$0.10,100 minutes,47,second place,8,Emily,27 cubic feet,0,0,1,1,1,1,0,500,10,.1%,1,1,1,4,5,5,5,3,5,5,5,1,1,1,1,1,1,1,4,1,1,1,1,6,6,6,6,6,6,5,6,6,6,1,1,1,1,1,1,1,1,2,NA,28,1,7,2,3,16871647,1,1,4,3,37,59,8,15,1,1,0.925,0.5714285714285714,0.7482142857142857,11
127,507,0.10,100,96,1,7,emily,27,0,0,0,0,0,1,0,4,10,1,0,1,0,4,4,3,2,2,2,2,4,4,4,3,3,4,4,4,3,3,4,4,4,5,4,4,5,6,4,4,4,4,4,1,0,1,1,1,1,1,0,1,NA,35,3,5,2,2,30169945,1,1,1,1,23,44,6,44,1,1,0.575,0.14285714285714285,0.3589285714285714,7
128,340,0.05,5,47,second,8,Emily,9,1,1,1,1,1,1,0,500,10,0.1,1,1,0,5,5,5,5,1,1,5,5,5,5,5,3,3,5,5,5,5,1,5,5,1,1,6,1,1,6,1,1,6,1,0,1,1,1,0,1,1,1,1,NA,25,5,8,2,3,40500755,1,1,6,2,32,25,6,52,1,1,0.8,0.8571428571428571,0.8285714285714285,8
129,744,5,5,47,2nd,8,Emily,0,1,1,1,1,1,1,1,500,10,.1,1,1,0,2,5,5,5,5,4,5,4,4,4,1,1,1,2,1,2,2,2,3,4,6,1,4,3,2,2,1,2,3,3,1,1,1,1,1,1,1,1,1,NA,64,1,5,2,3,74142725,1,1,7,2,35,27,8,27,1,1,0.875,1,0.9375,10
130,380,.10,5,47,first,8,june,36,0,1,1,0,1,0,0,500,10,.1,1,1,0,4,5,4,5,2,5,5,4,5,5,2,1,1,4,4,4,4,2,5,5,4,4,1,1,1,1,1,4,4,5,1,1,0,1,1,1,1,1,2,NA,37,1,6,1,3,10183810,1,1,3,2,34,26,7,42,1,1,0.85,0.42857142857142855,0.6392857142857142,9
132,198,.1,100,47,second,8,Emily,27,0,0,1,1,1,1,0,500,10,.1,1,1,0,3,4,4,4,4,4,4,4,1,1,1,5,1,1,1,1,1,1,1,1,6,2,3,3,3,5,5,5,5,5,1,1,0,0,1,1,0,0,2,NA,31,1,8,1,3,57521766,1,1,4,2,31,42,4,16,1,1,0.775,0.5714285714285714,0.6732142857142858,6
133,366,10,100,24,first,7,June,3,0,0,0,0,0,0,0,1000,100,10,0,0,0,4,4,1,1,3,4,3,3,4,4,5,3,2,3,5,4,5,4,5,5,5,3,4,3,4,4,2,6,2,3,1,0,0,1,1,0,1,0,1,NA,35,3,8,2,3,76681686,1,1,0,0,23,36,4,49,1,1,0.575,0,0.2875,4
134,963,$0.10,100 minutes,24 days,Second,8,Emily,27,0,0,0,1,1,1,0,500,10,0.1 %,1,1,0,3,5,5,5,5,3,5,4,1,1,1,1,1,1,1,1,1,1,1,1,6,6,3,1,1,3,1,1,4,3,1,1,1,1,1,1,1,1,1,NA,30,1,7,1,2,92184300,1,1,3,2,35,29,8,12,1,1,0.875,0.42857142857142855,0.6517857142857143,10
135,289,.1,5,47,second,8,emily,0,0,1,1,1,1,1,1,499,10,.1,0,1,0,3,3,3,3,3,3,3,3,3,2,3,3,3,3,2,3,3,4,3,3,3,3,4,3,4,3,3,3,3,4,1,1,0,1,1,1,1,0,1,NA,25,1,8,1,3,30222904,1,1,6,1,24,33,6,35,1,1,0.6,0.8571428571428571,0.7285714285714285,7
136,341,.10,100 minutes,24 days,First,7,June,27,0,0,0,0,0,0,0,500,10,0.01,1,1,0,3,4,4,4,4,2,2,4,2,2,2,2,2,2,2,2,2,2,2,2,2,2,2,2,2,2,2,2,2,2,1,1,0,0,0,0,0,0,2,NA,21,2,5,1,6,78888329,1,1,0,2,27,20,2,24,1,1,0.675,0,0.3375,4
137,531,0.10,100,24,first,8,Emily,3,0,0,0,0,1,1,0,20,1,1,0,0,0,2,4,4,5,5,3,4,3,1,1,1,1,1,1,1,1,1,1,1,1,2,2,1,1,2,1,1,2,2,4,1,1,0,1,1,1,1,1,2,NA,34,1,9,2,5,46204647,1,1,2,0,30,18,7,12,1,1,0.75,0.2857142857142857,0.5178571428571428,7
138,811,$0.10,100 minutes,47 days,second place,8,Emily,0,0,0,1,1,1,1,1,500,10,0.1%,1,1,1,3,4,5,4,3,4,4,1,1,1,1,1,1,1,1,1,2,1,3,1,6,3,4,5,5,4,4,5,6,6,1,1,1,1,1,1,1,0,2,NA,20,5,7,1,2,68220424,1,1,5,3,28,48,7,15,1,1,0.7,0.7142857142857143,0.7071428571428571,10
140,649,0.10,100,24,second,7,emily,27,0,0,0,1,0,1,0,600,10,0.1,0,1,0,4,3,4,4,2,2,4,1,2,2,1,3,1,1,4,2,2,1,2,2,5,2,5,5,2,4,4,5,5,5,1,1,1,1,1,1,1,0,1,NA,37,3,9,2,3,4044932,1,1,2,1,24,42,7,23,1,1,0.6,0.2857142857142857,0.44285714285714284,8
141,389,.10,100,47,2nd,8,emily,3,0,0,1,1,1,1,0,500,100,.1,1,0,0,4,3,4,2,4,4,2,4,1,1,1,1,1,1,1,1,1,1,1,1,4,2,4,2,2,2,1,2,3,3,1,1,1,0,1,1,1,1,2,NA,33,1,7,2,4,8860817,1,1,4,1,27,25,7,12,1,1,0.675,0.5714285714285714,0.6232142857142857,8
142,368,.10,5,24,1,8,Emily,3,0,1,0,0,1,1,0,500,1,1000,1,0,0,2,3,3,4,2,3,3,2,2,2,2,2,2,2,2,2,2,2,2,2,4,4,4,4,4,4,4,4,4,4,0,1,0,1,1,1,1,0,2,NA,44,1,5,3,3,42071817,1,1,3,1,22,40,5,24,1,1,0.55,0.42857142857142855,0.4892857142857143,6
143,547,.10,5 minutes,47,second,8,Emily,3,0,1,1,1,1,1,0,500,10,0.001,1,1,1,3,3,3,3,3,3,3,3,5,5,5,5,5,5,5,5,5,5,5,5,2,2,2,2,2,2,2,2,2,2,1,1,1,0,1,1,1,0,1,NA,52,1,7,2,1,86772473,1,1,5,3,24,20,6,60,1,1,0.6,0.7142857142857143,0.6571428571428571,9
144,303,0.1,5,47,3,8,June,3,0,1,1,0,1,0,0,500,10,0.1,1,1,0,5,4,5,4,4,4,5,5,1,1,2,2,2,1,2,1,1,3,1,1,6,6,5,4,4,6,6,6,6,6,1,1,1,1,1,1,1,0,1,NA,32,1,9,2,3,56412667,1,1,3,2,36,55,7,18,1,1,0.9,0.42857142857142855,0.6642857142857143,9
145,991,1.05,5 minutes,47 days,second,8,Emily,0,0,1,1,1,1,1,1,500,10,.1,1,1,0,3,5,5,5,3,3,5,4,1,1,1,1,1,1,1,1,1,4,1,1,4,4,4,4,2,3,1,1,3,3,1,1,1,1,1,1,1,1,1,NA,26,5,8,1,6,77822989,1,1,6,2,33,29,8,15,1,1,0.825,0.8571428571428571,0.8410714285714285,10
147,293,.10,100,24,first,8,Emily,9,0,0,0,0,1,1,0,500,100,.1,1,0,0,3,5,3,4,3,3,4,3,4,4,4,4,3,5,5,4,5,3,4,5,2,2,2,1,1,1,1,1,2,2,1,1,1,1,1,1,1,0,2,NA,40,1,8,2,2,52235609,1,1,2,1,28,15,7,50,1,1,0.7,0.2857142857142857,0.4928571428571428,8
148,379,0.05,5,47,first,8,June,27,1,1,1,0,1,0,0,500,10,0.1,1,1,0,3,4,4,5,4,5,5,3,1,1,1,1,1,1,1,1,1,1,1,1,6,6,6,4,3,6,6,6,6,6,1,1,1,1,1,1,1,1,1,NA,57,1,8,1,2,84570562,1,1,4,2,33,55,8,12,1,1,0.825,0.5714285714285714,0.6982142857142857,10
149,322,.10,5 minutes,47,second,8,Emily,27,0,1,1,1,1,1,0,500,10,1,1,1,0,4,4,5,4,4,3,4,3,4,4,2,2,4,2,4,4,2,4,4,4,6,5,4,4,3,4,4,3,5,5,1,1,1,1,1,1,1,1,2,NA,31,1,7,1,2,99520078,1,1,5,2,31,43,8,40,1,1,0.775,0.7142857142857143,0.7446428571428572,10
150,337,0.05,100,24 days,first,8,June,27,1,0,0,0,1,0,0,500,10,0.1%,1,1,1,3,5,5,5,4,4,5,4,1,1,1,1,1,1,1,1,1,1,4,1,6,5,5,5,5,6,5,6,6,6,1,1,1,1,1,1,1,1,2,NA,25,1,8,1,4,88892671,1,1,2,3,35,55,8,15,1,1,0.875,0.2857142857142857,0.5803571428571428,11
151,316,.10,5,47,2nd,8,Emily,27,0,1,1,1,1,1,0,500,10,.1%,1,1,1,5,5,2,3,2,1,4,4,1,1,1,1,1,1,5,2,1,1,1,1,5,6,5,6,4,6,5,6,5,6,1,1,1,1,1,1,0,1,1,NA,30,5,8,2,5,5895006,1,1,5,3,26,54,7,17,1,1,0.65,0.7142857142857143,0.6821428571428572,10
152,173,10,100,24,2,8,June,49,0,0,0,0,1,0,0,500,10,10,1,1,0,2,1,5,4,2,2,5,5,1,4,2,1,1,1,1,2,1,2,1,1,1,2,1,1,2,5,6,4,5,4,1,0,1,1,1,1,0,0,1,NA,31,1,6,1,2,62379878,1,1,1,2,26,31,5,18,1,1,0.65,0.14285714285714285,0.39642857142857146,7
153,593,0.10,100,24,2,7,June,27,0,0,0,0,0,0,0,500,0.001,0.001,1,0,1,2,4,3,1,3,5,3,5,2,5,4,3,2,5,4,3,2,2,3,5,2,4,3,5,6,1,5,3,2,4,1,0,1,1,1,1,1,0,2,NA,54,4,8,2,2,86723482,1,1,0,2,26,35,6,40,1,1,0.65,0,0.325,8
154,227,0.5,100,12,2,8,June,27,0,0,0,0,1,0,0,500,10,1,1,1,0,4,4,4,1,1,1,1,5,4,4,4,4,4,4,4,4,4,4,4,4,5,5,5,5,5,5,5,5,5,5,1,1,1,1,1,1,1,1,1,NA,25,1,5,1,2,41819110,1,1,1,2,21,50,8,48,1,1,0.525,0.14285714285714285,0.33392857142857146,10
155,981,0.10,100,24,first,7,Emily,3,0,0,0,0,0,1,0,600,10,10,0,1,0,4,3,4,2,3,2,2,4,4,4,4,3,3,3,3,4,4,3,4,4,5,4,4,5,5,4,5,5,5,5,1,0,0,1,1,0,1,0,1,NA,38,1,8,5,3,1103274,1,1,1,1,24,47,4,43,1,1,0.6,0.14285714285714285,0.37142857142857144,5
156,336,.1,100,24,second,7,Emily,27,0,0,0,1,0,1,0,500,10,.1,1,1,0,3,5,3,5,3,3,5,5,1,1,1,1,1,1,1,1,1,1,1,1,6,6,6,6,6,6,6,6,6,6,1,1,1,1,1,1,1,1,2,NA,20,1,5,1,1,59532794,1,1,2,2,32,60,8,12,1,1,0.8,0.2857142857142857,0.5428571428571429,10
157,1155,0.05,100,24,second,8,Emily,0,1,0,0,1,1,1,1,1000,10,0.1,0,1,0,4,3,2,5,2,3,4,3,2,2,2,2,2,2,3,3,2,2,3,2,2,2,5,4,2,2,2,2,2,3,0,0,1,0,1,1,1,1,1,NA,34,3,7,1,2,36727865,1,1,5,1,26,26,5,27,1,1,0.65,0.7142857142857143,0.6821428571428572,6
158,231,.05,5 minutes,47,2nd place,7,Emily,27,1,1,1,1,0,1,0,600,10,.1,0,1,0,4,4,3,2,2,2,2,3,4,5,4,4,4,3,3,5,4,4,4,4,5,4,4,4,5,5,4,5,5,5,1,1,1,1,1,1,1,1,1,NA,31,1,8,2,3,22620834,1,1,5,1,22,46,8,48,1,1,0.55,0.7142857142857143,0.6321428571428571,9
160,631,0.10,100,96,First place,7,June,9,0,0,0,0,0,0,0,4,100,10,0,0,0,4,5,5,1,2,1,5,5,4,5,1,1,4,5,4,5,5,4,5,5,5,6,5,6,6,5,6,5,6,6,1,0,0,1,0,1,1,0,2,NA,29,4,9,2,3,97476097,1,1,0,0,28,56,4,48,1,1,0.7,0,0.35,4
161,246,0.10,5,47,2,8,Emily,27,0,1,1,0,1,1,0,500,1,10,1,0,0,5,5,5,5,4,4,4,5,1,1,1,5,1,1,1,1,1,1,1,1,4,4,4,4,2,4,3,3,4,4,0,1,1,1,1,1,1,1,1,NA,52,1,5,1,3,31410855,1,1,4,1,37,36,7,16,1,1,0.925,0.5714285714285714,0.7482142857142857,8
162,364,0.10,100,24,First,7,June,18,0,0,0,0,0,0,0,333,0.001,0.001,0,0,1,4,5,5,5,2,3,4,4,1,1,1,1,1,1,1,1,1,1,1,1,6,1,6,6,6,5,4,6,6,6,1,1,1,0,1,1,0,0,2,NA,21,5,5,1,3,78261262,1,1,0,1,32,52,5,12,1,1,0.8,0,0.4,6
163,462,.1,5,47,2,8,Emily,27,0,1,1,0,1,1,0,500,10,.1,1,1,0,4,4,4,4,3,3,3,3,4,4,2,2,2,3,3,4,2,2,3,2,2,4,2,2,2,2,2,2,2,2,1,1,0,1,1,1,1,1,2,NA,35,1,8,2,3,86821907,1,1,4,2,28,22,7,33,1,1,0.7,0.5714285714285714,0.6357142857142857,9
165,388,$0.10,5 minutes,47,First,8,Emily,3,0,1,1,0,1,1,0,500,10,.1,1,1,0,4,3,4,4,2,2,2,3,1,1,2,1,2,2,2,2,2,2,2,2,5,4,4,4,5,5,4,4,4,5,1,1,0,1,1,1,1,0,2,NA,23,1,5,2,2,6523989,1,1,4,2,24,44,6,21,1,1,0.6,0.5714285714285714,0.5857142857142856,8
166,910,$0.05,5 minutes,47,second place,8,Emily,27,1,1,1,1,1,1,0,500,10,0.001,1,1,1,4,4,4,5,4,1,1,4,1,1,1,1,1,1,1,1,1,1,1,1,6,6,5,4,4,5,4,6,5,6,1,1,1,1,1,1,0,1,2,NA,62,1,8,2,3,52918951,1,1,6,3,27,51,7,12,1,1,0.675,0.8571428571428571,0.7660714285714285,10
167,266,",05",5,47,2nd,8,Emily,none,1,1,1,1,1,1,1,500,10,.1%,1,1,1,4,5,5,5,4,5,5,5,1,1,1,1,1,1,1,1,1,1,1,1,6,6,6,2,2,4,3,3,5,6,1,1,1,1,1,0,1,1,2,NA,31,1,7,3,2,97968305,1,1,7,3,38,43,7,12,1,1,0.95,1,0.975,10
168,272,.05,100,24,second,8,emily,9,1,0,0,1,1,1,0,500,1,10,1,0,0,4,4,4,4,4,4,4,4,4,4,2,4,4,4,4,2,4,1,2,4,3,2,3,3,3,1,2,2,2,5,1,1,1,1,1,1,1,1,2,NA,28,1,8,1,3,74140706,1,1,4,1,32,26,8,39,1,1,0.8,0.5714285714285714,0.6857142857142857,9
169,331,.10,100,24,1st,7,june,9,0,0,0,0,0,0,0,500,10,.01,1,1,0,3,2,3,2,3,4,3,4,2,3,2,4,4,2,3,4,3,2,2,4,3,4,3,4,5,4,3,4,4,3,1,1,1,1,1,1,1,1,1,NA,34,1,8,2,3,32560464,1,1,0,2,24,37,8,35,1,1,0.6,0,0.3,10
170,513,0.10,100,24,first,8,Emily,9,0,0,0,0,1,1,0,166,100,0.1,0,0,0,3,4,3,5,3,5,5,3,3,3,4,2,3,4,4,5,3,4,3,3,4,1,3,1,2,2,1,2,1,4,1,0,0,1,0,0,1,1,2,NA,35,1,8,2,3,17742678,1,1,2,0,31,21,4,41,1,1,0.775,0.2857142857142857,0.5303571428571429,4
171,312,.05,5 minutes,47,second,8,Emily,0,1,1,1,1,1,1,1,anywhere from 0 to 1000 times,10,.001,0,1,1,4,4,4,4,3,4,5,3,1,1,1,1,1,1,1,1,1,1,1,1,3,5,3,1,2,3,2,3,3,6,1,1,1,1,1,1,1,1,2,NA,30,1,8,1,3,7962779,1,1,7,2,31,31,8,12,1,1,0.775,1,0.8875,10
172,718,.05,10,47,1,8,june,27,1,0,1,0,1,0,0,500,10,.1,1,1,0,3,4,4,4,3,3,4,4,2,2,1,2,1,2,2,1,2,3,2,2,5,3,4,2,2,4,4,5,4,4,1,1,0,1,1,0,0,0,1,NA,29,1,8,2,3,26164983,1,1,3,2,29,37,4,22,1,1,0.725,0.42857142857142855,0.5767857142857142,6
173,559,0.10,100,24,first,7,emily,27,0,0,0,0,0,1,0,6,1000,1000,0,0,0,5,4,4,1,2,2,2,4,5,4,4,5,5,5,4,4,5,4,4,4,6,5,4,5,5,6,5,5,4,5,1,1,0,1,1,1,0,0,2,NA,26,1,8,2,4,39532841,1,1,1,0,24,50,5,53,1,1,0.6,0.14285714285714285,0.37142857142857144,5
174,637,.10,100,24,1st,7,Emily,37,0,0,0,0,0,1,0,300,10,1,0,1,0,5,5,4,5,3,3,4,4,2,2,2,2,2,2,2,2,2,2,2,3,3,4,4,3,3,4,3,3,3,3,1,0,0,1,1,1,1,0,2,NA,59,1,4,2,4,71587164,1,1,1,1,33,33,5,25,1,1,0.825,0.14285714285714285,0.4839285714285714,6
175,1066,.10,5 minutes,47,second,8,Emily,27,0,1,1,1,1,1,0,500,10,.10,1,1,0,5,5,4,5,4,4,4,4,4,4,4,5,5,5,5,4,4,4,5,5,4,4,4,3,4,3,2,3,4,4,1,1,1,1,1,1,1,1,1,NA,49,1,9,1,3,21479212,1,1,5,2,35,35,8,54,1,1,0.875,0.7142857142857143,0.7946428571428572,10
176,276,I don't know.,100,24,2nd,8,Emily,27,0,0,0,1,1,1,0,500,10,.01,1,1,0,4,4,2,3,3,4,2,4,5,5,4,3,5,5,5,4,5,3,4,5,2,2,4,1,1,1,4,2,4,4,1,1,1,1,1,1,1,1,2,NA,26,1,8,2,3,45783400,1,1,3,2,26,25,8,53,1,1,0.65,0.42857142857142855,0.5392857142857143,10
177,405,.05,5,47,2,8,emily,0,1,1,1,0,1,1,1,500,20,5,1,0,0,3,4,4,4,4,3,4,4,5,5,5,1,1,5,5,5,5,5,5,5,3,2,5,2,2,2,2,2,3,3,1,1,0,1,1,1,1,1,2,NA,61,1,4,2,3,81438027,1,1,6,1,30,26,7,52,1,1,0.75,0.8571428571428571,0.8035714285714286,8
178,503,.10,5,24,second,8,emily,3,0,1,0,1,1,1,0,300,100,10,0,0,0,2,3,3,4,3,4,4,3,2,2,1,2,3,3,3,3,2,4,3,4,3,4,4,3,3,4,4,4,4,4,1,0,1,0,1,0,1,0,2,NA,33,1,5,2,3,68954995,1,1,4,0,26,37,4,32,1,1,0.65,0.5714285714285714,0.6107142857142858,4
179,377,.10,5,24,1st,7,Emily,27,0,1,0,0,0,1,0,500,10,.01%,1,1,0,4,4,4,5,3,4,5,3,2,2,2,3,2,4,4,4,2,4,3,4,3,4,4,3,3,4,3,3,4,4,1,0,1,1,1,1,1,0,2,NA,23,1,8,1,2,48345242,1,1,2,2,32,35,6,36,1,1,0.8,0.2857142857142857,0.5428571428571429,8
180,1293,0.05,100,47,1,8,Emily,27,1,0,1,0,1,1,0,6,10,0.1%,0,1,1,4,5,4,3,2,2,2,4,4,4,5,4,4,5,4,3,4,4,5,4,5,6,5,5,5,5,5,4,5,5,1,1,0,1,1,0,0,0,2,NA,26,1,9,1,2,89112244,1,1,4,2,26,50,4,50,1,1,0.65,0.5714285714285714,0.6107142857142858,6
181,1145,.10,100,24,second,7,Emily,9,0,0,0,1,0,1,0,300,10,10,0,1,0,3,3,3,2,1,1,2,1,4,5,1,1,5,2,2,2,1,1,1,1,1,1,1,1,1,1,1,1,1,1,1,1,1,1,1,1,1,0,1,NA,23,2,4,3,2,16473866,1,1,2,1,16,10,7,26,1,1,0.4,0.2857142857142857,0.34285714285714286,8
182,410,0.05,5 minutes,47 days,second,8,Emily,27,1,1,1,1,1,1,0,500,10,0.1,1,1,0,3,5,5,4,4,4,5,3,1,1,1,1,2,3,3,3,1,2,2,1,6,6,6,6,6,6,6,6,6,6,1,1,1,1,1,1,1,1,1,NA,20,5,5,1,4,19922421,1,1,6,2,33,60,8,21,1,1,0.825,0.8571428571428571,0.8410714285714285,10
183,686,0.10,100,12,3,7,june,3,0,0,0,0,0,0,0,6,yes,10,0,0,0,4,4,5,2,2,1,2,4,4,4,3,4,4,4,3,3,4,4,5,4,5,5,5,4,5,5,6,5,5,5,1,1,1,0,1,1,0,0,1,NA,29,4,10,2,2,21532018,1,1,0,0,24,50,5,46,1,1,0.6,0,0.3,5
184,322,0.05,50,47,second,15,Emily,9,1,0,1,1,0,1,0,479,100,10,0,0,0,3,4,4,5,2,3,4,4,5,5,1,1,1,5,2,1,1,1,3,3,6,2,5,5,5,5,5,5,5,5,1,0,0,1,1,1,0,1,2,NA,31,3,8,1,4,61281673,1,1,4,0,29,48,5,29,1,1,0.725,0.5714285714285714,0.6482142857142856,5
185,523,.10,2,24,1,7,May,36,0,0,0,0,0,0,0,6,10,.01,0,1,0,1,5,4,2,1,2,2,4,4,4,4,4,3,3,3,3,2,2,4,3,4,4,4,5,6,2,4,6,6,5,1,1,0,0,1,1,1,0,1,NA,23,2,5,1,4,19545631,1,1,0,1,21,46,5,39,1,1,0.525,0,0.2625,6
186,213,0.1,100,47,first,8,emily,3,0,0,1,0,1,1,0,500,1,0.01,1,0,0,4,5,5,5,3,4,5,5,1,1,1,1,1,1,1,1,1,1,1,1,6,6,6,6,6,6,6,6,6,6,1,1,1,1,1,1,1,0,1,NA,33,2,4,5,3,23317871,1,1,3,1,36,60,7,12,1,1,0.9,0.42857142857142855,0.6642857142857143,8
187,373,.05,5,47,2,8,Emily,0,1,1,1,0,1,1,1,500,10,.1,1,1,0,3,5,5,5,3,3,5,4,5,5,3,5,4,5,5,5,5,5,5,5,4,4,2,2,3,5,4,5,5,4,1,1,1,1,1,1,1,1,2,NA,44,1,8,1,1,74933898,1,1,6,2,33,38,8,57,1,1,0.825,0.8571428571428571,0.8410714285714285,10
188,480,.05,5 minutes,47 days,second place,8,Emily,0,1,1,1,1,1,1,1,500,10,.1,1,1,0,3,5,5,5,5,5,5,5,1,1,1,1,1,1,1,1,1,1,3,1,6,6,6,4,4,6,4,4,6,6,1,0,1,0,1,1,1,1,1,NA,49,1,8,2,3,16735906,1,1,7,2,38,52,6,14,1,1,0.95,1,0.975,8
189,665,10 cents,5 minutes,12,First place,8,Emily,3,0,1,0,0,1,1,0,512,100,1,1,0,0,3,5,4,5,5,4,5,5,2,2,1,5,1,1,1,1,1,2,1,2,5,5,3,3,4,4,2,2,4,5,1,1,1,1,1,1,1,1,2,NA,60,2,8,5,2,13324549,1,1,3,1,36,37,8,20,1,1,0.9,0.42857142857142855,0.6642857142857143,9
190,431,10,100,24,second,8,Emily,27,0,0,0,1,1,1,0,300,10,1,0,1,0,4,4,5,5,2,2,4,5,1,1,1,1,1,1,1,1,1,1,1,1,6,5,6,6,5,6,5,6,6,6,1,1,0,0,1,1,1,1,2,NA,60,1,5,5,2,51547503,1,1,3,1,31,57,6,12,1,1,0.775,0.42857142857142855,0.6017857142857143,7
191,570,.05,5,12,second,8,emily,8,1,1,0,1,1,1,0,500,1,.001,1,0,1,3,4,4,4,3,3,4,4,2,2,2,2,2,2,2,4,2,2,2,3,1,3,1,1,1,1,1,1,1,4,1,1,1,1,1,1,1,0,2,NA,28,1,9,2,2,23685764,1,1,5,2,29,15,7,27,1,1,0.725,0.7142857142857143,0.7196428571428571,9
192,656,$.05,5 minutes,47 days,second place,8,Emily,0,1,1,1,1,1,1,1,500,10,.1 percent,1,1,0,1,3,4,4,2,4,4,1,1,1,1,1,1,1,1,1,1,2,4,3,6,6,4,2,2,2,2,2,2,4,1,1,1,1,1,1,1,1,2,NA,47,1,8,2,4,88204395,1,1,7,2,23,32,8,18,1,1,0.575,1,0.7875,10
193,507,$0.10,100 minutes,24 days,1st place,8,June,9,0,0,0,0,1,0,0,500 times,100,0.001%,1,0,0,5,4,1,5,3,4,4,3,3,4,1,2,1,1,2,1,2,3,4,3,6,1,4,2,3,2,2,3,3,4,1,1,0,0,1,1,1,1,2,NA,22,1,5,1,3,53243901,1,1,1,1,29,30,6,27,1,1,0.725,0.14285714285714285,0.43392857142857144,7
194,452,.10,5,47,first,7,June,27,0,1,1,0,0,0,0,500,100,.01,1,0,0,3,5,5,5,1,3,4,3,1,1,1,1,1,1,1,1,1,1,1,1,2,2,2,1,3,1,1,2,2,4,1,1,1,1,1,1,1,1,2,NA,38,1,5,4,2,51838861,1,1,2,1,29,20,8,12,1,1,0.725,0.2857142857142857,0.5053571428571428,9
195,620,.10,100,96,1,7,june,9,0,0,0,0,0,0,0,6,"10,000",1,0,1,0,2,3,2,3,4,3,4,3,1,3,3,2,3,3,2,3,3,2,3,3,3,3,2,4,2,3,4,5,5,4,1,0,1,1,1,1,1,0,2,NA,44,1,8,2,3,94810599,1,1,0,1,24,35,6,31,1,1,0.6,0,0.3,7
196,595,.08,20 minutes,24 days,first,8,Emily,3,0,0,0,0,1,1,0,500,10,1,1,1,0,4,4,4,4,3,4,4,4,4,4,3,4,4,4,4,4,3,4,4,4,5,5,5,5,4,5,5,5,5,5,1,1,1,0,1,1,1,1,2,NA,67,1,8,4,2,72993507,1,1,2,2,31,49,7,46,1,1,0.775,0.2857142857142857,0.5303571428571429,9
197,1043,.10,50,24,1st,7,june,9',0,0,0,0,0,0,0,320,1,1%,0,0,0,5,5,5,3,1,1,1,5,5,5,2,5,5,5,5,5,5,5,5,5,1,1,1,6,6,6,6,6,6,6,1,1,0,1,1,1,1,1,2,NA,39,1,5,2,3,36986101,1,1,0,0,26,45,7,57,1,1,0.65,0,0.325,7
198,712,.10,100 minutes,24 days,1st place,8 sheep,Emily,27',0,0,0,0,1,1,0,300,.001,.001,0,0,1,4,5,3,5,3,4,3,3,1,1,1,1,1,1,1,1,1,1,1,1,3,3,3,2,2,2,1,3,3,5,1,0,1,1,1,1,1,1,2,NA,37,1,9,3,2,5882207,1,1,2,1,30,27,7,12,1,1,0.75,0.2857142857142857,0.5178571428571428,8
199,596,10,100,49,2nd,8,Emily,27,0,0,0,1,1,1,0,6,100,10,0,0,0,2,4,3,3,4,3,4,4,5,5,4,2,3,5,2,3,5,4,3,5,2,2,2,3,2,2,2,1,2,3,1,1,0,1,0,0,1,1,2,NA,61,1,5,2,3,31057516,1,1,3,0,27,21,5,46,1,1,0.675,0.42857142857142855,0.5517857142857143,5
200,629,0.10,100,24,First,8,Emily,9,0,0,0,0,1,1,0,500,10,.001,1,1,1,4,4,4,4,3,4,4,4,2,2,2,1,2,2,2,3,2,2,3,2,6,3,5,4,4,4,4,4,4,4,1,1,1,0,1,0,1,1,1,NA,26,1,8,1,2,44764234,1,1,2,3,31,42,6,25,1,1,0.775,0.2857142857142857,0.5303571428571429,9
201,898,.05,100,24,first place,8,Emily,18,1,0,0,0,1,1,0,52,10,.01,0,1,0,4,5,4,5,5,4,4,4,5,5,4,4,2,4,4,5,4,4,5,5,1,1,1,1,1,1,1,1,1,4,1,1,1,0,1,1,1,1,1,NA,76,1,11,2,3,56058513,1,1,3,1,35,13,7,51,1,1,0.875,0.42857142857142855,0.6517857142857143,8
202,1274,10,100,24,Second,7,Emily,27,0,0,0,1,0,1,0,230,10,1,0,1,0,5,5,4,2,2,1,3,5,5,4,1,1,2,5,1,1,1,1,3,1,4,5,5,4,4,4,5,5,4,3,1,1,0,1,1,1,1,0,1,NA,25,1,9,2,3,50269485,1,1,2,1,27,43,6,26,1,1,0.675,0.2857142857142857,0.48035714285714287,7
203,173,55,50,28,1st,8,june,34,0,0,0,0,1,0,0,500,45,34,1,0,0,3,3,3,3,2,3,3,3,3,4,4,3,3,2,3,2,2,3,3,3,4,3,3,3,3,3,2,2,3,3,1,0,0,0,1,0,0,0,2,NA,31,1,4,1,3,63005668,1,1,1,1,23,29,2,35,1,1,0.575,0.14285714285714285,0.3589285714285714,3
205,1007,.10,100,24,SECOND,8,EMILY,27,0,0,0,1,1,1,0,500,10,1,1,1,0,5,4,4,4,3,2,2,3,4,3,2,4,2,3,4,4,2,1,3,4,5,4,5,5,6,5,5,6,6,6,1,1,1,1,1,0,1,1,1,NA,26,1,8,1,3,75930401,1,1,3,2,27,53,7,36,1,1,0.675,0.42857142857142855,0.5517857142857143,9
206,262,.10,5 minutes,47,first,7,Emily,0,0,1,1,0,0,1,1,500,10,.1,1,1,0,4,5,5,5,5,5,5,4,1,1,1,1,1,1,1,1,1,3,2,1,6,5,6,5,6,6,5,6,5,6,1,1,1,1,1,1,0,1,1,NA,22,1,5,1,2,89579285,1,1,4,2,38,56,7,15,1,1,0.95,0.5714285714285714,0.7607142857142857,9
207,214,0.10,100,24,1,7,emily,27,0,0,0,0,0,1,0,333,100,10,0,0,0,3,3,3,3,3,3,3,3,3,3,3,3,3,2,3,3,2,3,3,3,3,3,3,3,3,3,3,3,3,3,1,0,0,1,0,1,1,0,2,NA,23,2,7,1,6,31222745,1,1,1,0,24,30,4,34,1,1,0.6,0.14285714285714285,0.37142857142857144,4
208,235,$0.10,100 minutes,24,second,8,Emily,3,0,0,0,1,1,1,0,500,10,0.1%,1,1,1,3,3,3,4,4,3,4,3,2,2,2,2,2,2,2,2,2,2,2,2,4,4,4,4,4,3,3,4,4,4,1,1,1,1,1,1,1,1,2,NA,38,1,8,5,3,92973933,1,1,3,3,27,38,8,24,1,1,0.675,0.42857142857142855,0.5517857142857143,11
209,294,.10,23,36,1,8,June,45,0,0,0,0,1,0,0,689,106,4,0,0,0,2,4,2,5,1,1,2,5,4,5,3,4,4,3,5,5,4,5,4,5,1,5,4,4,4,3,2,4,4,5,1,1,1,0,1,1,1,0,2,NA,35,1,3,1,2,98819992,1,1,1,0,22,36,6,51,1,1,0.55,0.14285714285714285,0.3464285714285714,6
210,308,.10,100,24,First,7,June,9,0,0,0,0,0,0,0,500,Idk,10%,1,0,0,5,5,5,5,1,1,1,1,1,1,1,1,1,1,1,1,1,1,1,1,1,1,1,1,1,1,1,1,1,1,1,1,0,1,1,1,1,1,2,NA,24,1,5,3,1,16741079,1,1,0,1,24,10,7,12,1,1,0.6,0,0.3,8
211,303,0.05,100,47,first,8,Emily,27,1,0,1,0,1,1,0,500,10,0.1,1,1,0,5,5,5,5,5,5,5,5,1,1,1,1,1,1,1,1,1,2,1,1,6,6,6,6,5,6,6,5,6,6,0,1,1,1,1,1,0,1,1,NA,47,1,5,2,4,82903052,1,1,4,2,40,58,6,13,1,1,1,0.5714285714285714,0.7857142857142857,8
212,234,0.05,5 minutes,47 days,second,8,Emily,none,1,1,1,1,1,1,1,500,10,0.1,1,1,0,4,5,5,4,3,4,5,4,1,1,1,1,1,1,1,1,1,1,1,1,6,5,5,5,4,4,4,6,5,6,1,1,1,1,1,1,1,1,2,NA,37,1,8,2,3,18908441,1,1,7,2,34,50,8,12,1,1,0.85,1,0.925,10
213,295,.05,5,47,Second place,8,Emily,3,1,1,1,1,1,1,0,400,10,1,0,1,0,4,4,4,5,4,4,4,4,1,1,1,1,1,1,1,1,1,1,1,1,6,1,5,5,5,5,5,5,5,6,0,1,1,1,0,0,1,0,2,NA,48,1,5,5,2,85355378,1,1,6,1,33,48,4,12,1,1,0.825,0.8571428571428571,0.8410714285714285,5
215,303,0.05,5,47,second,8,Emily,27,1,1,1,1,1,1,0,500,10,0.1%,1,1,1,4,5,5,4,3,5,5,4,2,2,2,1,2,1,1,2,1,1,2,3,5,4,5,3,2,5,4,3,5,4,1,1,0,1,1,1,1,1,2,NA,25,1,8,1,2,99775169,1,1,6,3,35,40,7,20,1,1,0.875,0.8571428571428571,0.8660714285714286,10
216,261,.05,5,47,1st,8,Emily,3x3x3,1,1,1,0,1,1,0,500,400,.1,1,0,0,3,3,3,3,3,3,3,3,2,2,2,2,2,2,2,2,2,2,2,2,4,3,2,3,3,3,3,3,3,3,0,0,0,0,1,1,1,1,2,NA,32,5,5,2,6,96279302,1,1,5,1,24,30,4,24,1,1,0.6,0.7142857142857143,0.6571428571428571,5
218,395,.10,100,24,first,8,Emily,9,0,0,0,0,1,1,0,500,1,10,1,0,0,3,5,5,5,5,5,5,5,1,1,1,1,1,1,1,1,1,1,4,1,6,6,1,1,1,1,1,6,6,6,1,1,1,1,1,1,1,1,2,NA,38,1,4,2,2,83250196,1,1,2,1,38,35,8,15,1,1,0.95,0.2857142857142857,0.6178571428571429,9
220,304,.05,5,47,2,8,EMILY,0,1,1,1,0,1,1,1,500,10,.1,1,1,0,3,4,4,4,4,2,4,4,2,2,2,2,2,2,2,2,2,2,2,2,4,4,3,3,3,3,3,3,3,3,1,0,1,0,1,1,1,1,1,NA,58,1,4,2,3,92759805,1,1,6,2,29,32,6,24,1,1,0.725,0.8571428571428571,0.7910714285714285,8
221,268,0.05,5,47,second,8,Emily,9,1,1,1,1,1,1,0,500,10,0.1,1,1,0,5,5,5,5,1,1,5,5,5,5,5,3,3,5,5,5,5,1,5,5,1,1,6,1,1,6,6,1,6,1,1,1,1,1,1,1,1,1,1,NA,25,5,8,2,3,47032927,1,1,6,2,32,30,8,52,1,1,0.8,0.8571428571428571,0.8285714285714285,10
222,416,10,5,24,2nd,8,emily,3,0,1,0,1,1,1,0,350,1,1,0,0,0,5,5,5,5,1,1,1,5,1,5,5,1,5,5,5,5,5,5,5,5,6,6,6,6,6,6,6,6,6,6,1,1,1,0,1,1,1,1,1,NA,49,1,4,2,2,36150988,1,1,4,0,28,60,7,52,1,1,0.7,0.5714285714285714,0.6357142857142857,7
223,334,.10,100,24,1st,8,June,27,0,0,0,0,1,0,0,500,10,.01,1,1,0,3,3,4,4,3,4,4,3,1,1,1,1,1,1,1,3,1,2,3,2,6,5,6,3,4,5,4,3,6,5,1,1,1,1,1,0,1,1,2,NA,48,1,8,2,4,85110222,1,1,1,2,28,47,7,18,1,1,0.7,0.14285714285714285,0.4214285714285714,9
224,322,.09,100 minutes,24,first,8,Emily,27,0,0,0,0,1,1,0,500,10,.1%,1,1,1,4,4,4,5,4,4,4,4,1,1,1,1,1,1,1,1,1,1,1,1,4,3,3,2,2,2,2,2,2,4,1,1,1,1,1,1,1,1,2,NA,52,1,10,2,5,50095630,1,1,2,3,33,26,8,12,1,1,0.825,0.2857142857142857,0.5553571428571429,11
225,318,0.05,100 minutes,24 days,First place,8,Emily,27,1,0,0,0,1,1,0,500,10,.01,1,1,0,3,5,5,5,3,5,5,4,1,1,1,1,1,1,1,1,1,1,1,1,6,6,6,6,6,6,6,6,6,6,1,1,1,1,1,1,1,1,1,NA,27,1,5,1,2,47774809,1,1,3,2,35,60,8,12,1,1,0.875,0.42857142857142855,0.6517857142857143,10
226,1267,0.05,25,24,2,8,Emily,27,1,0,0,0,1,1,0,100,100,10,0,0,0,4,4,4,2,2,2,2,3,4,4,3,4,4,4,5,5,4,4,4,4,5,4,4,4,4,4,5,5,4,4,1,1,0,1,1,0,1,1,1,NA,26,1,9,1,3,95245960,1,1,3,0,23,43,6,49,1,1,0.575,0.42857142857142855,0.5017857142857143,6
227,441,.10,100,24,1st,8,June,3,0,0,0,0,1,0,0,500,10,10,1,1,0,4,4,3,4,3,3,4,3,4,4,4,4,3,5,5,3,3,3,5,4,3,3,3,2,3,2,2,4,3,4,1,1,1,1,1,0,1,0,1,NA,26,3,7,1,2,35089942,1,1,1,2,28,29,6,47,1,1,0.7,0.14285714285714285,0.4214285714285714,8
228,442,10,5,47,2,8,Emily,27,0,1,1,0,1,1,0,500,10,.1,1,1,0,3,4,3,4,4,3,5,4,3,3,1,1,1,1,1,1,1,1,3,4,6,4,4,5,3,4,3,3,5,5,1,1,0,1,1,1,1,1,2,NA,55,1,9,2,4,40298879,1,1,4,2,30,42,7,21,1,1,0.75,0.5714285714285714,0.6607142857142857,9
229,186,0.10,100,24,2,7,june,27,0,0,0,0,0,0,0,5,500,500,0,0,0,4,4,4,3,2,2,2,4,4,4,4,4,4,4,4,3,4,4,4,4,5,4,4,4,4,4,4,4,4,5,1,0,0,1,1,0,1,1,2,NA,44,1,9,2,3,31677350,1,1,0,0,25,42,5,47,1,1,0.625,0,0.3125,5
230,378,.10,100,24,first,8,Emily,9,0,0,0,0,1,1,0,500,100,.001,1,0,1,3,5,5,4,3,3,4,4,3,3,2,2,3,3,4,3,2,3,4,3,6,2,6,6,5,6,6,6,6,6,1,0,1,1,1,1,1,0,2,NA,28,1,8,1,2,45242231,1,1,2,2,31,55,6,35,1,1,0.775,0.2857142857142857,0.5303571428571429,8
231,345,",05",100,47,first,8,Emily,0,1,0,1,0,1,1,1,500,10,.1,1,1,0,3,4,3,4,3,3,4,3,3,3,2,3,2,3,3,3,3,4,2,3,3,4,3,2,3,2,2,4,4,4,1,1,1,1,1,1,1,1,2,NA,54,1,9,1,2,75255110,1,1,5,2,27,31,8,34,1,1,0.675,0.7142857142857143,0.6946428571428571,10
232,228,0.1,5,46,second,7,emily,27,0,1,0,1,0,1,0,35,5,6,5,0,0,5,3,3,1,4,2,1,4,4,2,3,5,4,3,1,4,5,3,5,4,5,3,4,5,2,6,3,3,4,6,1,1,1,1,0,0,1,1,2,NA,57,1,9,2,2,64888549,1,1,3,5,23,41,6,43,1,1,0.575,0.42857142857142855,0.5017857142857143,11
233,452,10,100,24,2,7,June,9,0,0,0,0,0,0,0,500,1,10,1,0,0,5,4,4,5,1,2,1,4,1,5,4,1,2,1,1,1,2,1,5,1,1,2,1,1,6,5,5,5,6,5,1,0,1,1,1,1,0,0,1,NA,31,1,4,1,2,42295542,1,1,0,1,26,37,5,25,1,1,0.65,0,0.325,6
234,534,.5,5 minutes,47,second,8,Emily,0,0,1,1,1,1,1,1,500,10,100,1,1,0,5,5,5,5,4,5,5,5,1,1,1,1,1,1,1,1,1,1,1,1,6,6,6,5,6,6,5,6,6,6,1,1,1,1,1,1,1,1,1,NA,35,1,8,2,4,25776481,1,1,6,2,39,58,8,12,1,1,0.975,0.8571428571428571,0.9160714285714285,10
236,343,.10,5 minutes,47,second,8,emily,3,0,1,1,1,1,1,0,500,10,.1,1,1,0,4,4,4,4,3,4,5,2,1,1,1,1,1,2,1,1,1,2,1,1,6,5,5,2,2,4,2,5,5,4,1,1,1,1,1,0,0,1,2,NA,27,1,8,5,3,1733819,1,1,5,2,30,40,6,14,1,1,0.75,0.7142857142857143,0.7321428571428572,8
237,321,.05,5,24,second,8,Emily,0,1,1,0,1,1,1,1,500,1,.1,1,0,0,4,5,5,4,3,4,4,3,1,1,1,1,1,1,1,1,1,1,1,1,4,4,4,4,4,4,4,4,4,4,1,1,1,1,1,1,1,1,1,NA,46,1,8,2,5,33266881,1,1,6,1,32,40,8,12,1,1,0.8,0.8571428571428571,0.8285714285714285,9
238,266,0.10,100,24,1st,7,Emily,3,0,0,0,0,0,1,0,250,10,1,0,1,0,4,4,4,5,4,4,4,4,2,2,1,1,1,1,1,1,1,1,1,1,5,5,5,5,5,5,5,5,5,5,1,1,1,1,1,1,0,0,1,NA,37,1,3,1,2,48243949,1,1,1,1,33,50,6,14,1,1,0.825,0.14285714285714285,0.4839285714285714,7
239,541,.10,100 minutes,24 days,first place,8,June,27,0,0,0,0,1,0,0,500,10,1,1,1,0,4,4,4,5,4,3,4,5,4,4,2,2,4,4,4,5,4,4,4,5,4,4,4,3,3,5,3,5,5,5,1,1,1,1,1,1,1,1,1,NA,66,1,5,3,2,1058485,1,1,1,2,33,41,8,46,1,1,0.825,0.14285714285714285,0.4839285714285714,10
240,506,10,100,24,1,8,Emily,27,0,0,0,0,1,1,0,450,5,10,0,0,0,5,4,4,5,2,1,4,4,1,1,1,1,1,1,1,1,1,1,1,1,4,5,5,5,5,2,2,3,5,6,1,1,1,1,0,0,1,0,2,NA,66,1,9,4,3,85767158,1,1,2,0,29,42,5,12,1,1,0.725,0.2857142857142857,0.5053571428571428,5
241,154,.10,100,24,1,8,June,3,0,0,0,0,1,0,0,100,10,10,0,1,0,4,3,3,3,3,2,2,4,4,3,3,4,4,3,4,3,3,4,3,3,4,3,4,4,3,4,3,4,4,4,1,0,0,1,1,0,1,0,2,NA,32,1,4,2,2,66875840,1,1,1,1,24,37,4,41,1,1,0.6,0.14285714285714285,0.37142857142857144,5
242,1311,1O,100,24,Second place,7,June,27,0,0,0,1,0,0,0,100,100,10%,0,0,0,4,3,4,4,3,2,4,3,4,4,4,3,4,4,4,3,3,2,2,3,3,2,3,2,3,2,4,3,3,4,1,0,1,0,1,0,0,0,2,NA,37,3,5,2,1,33734719,1,1,1,0,27,29,3,40,1,1,0.675,0.14285714285714285,0.4089285714285714,3
243,578,10,20,24,Second,7,Emily,27,0,0,0,1,0,1,0,500,10,10,1,1,0,2,2,2,5,3,2,2,2,2,2,1,1,3,2,3,3,4,4,3,3,2,4,2,1,2,2,2,2,2,2,1,1,0,1,1,0,1,1,2,NA,63,1,6,5,2,95129341,1,1,2,2,20,21,6,31,1,1,0.5,0.2857142857142857,0.39285714285714285,8
244,422,0.05,5,47,second,8,Emily,27,1,1,1,1,1,1,0,500,10,0.1,1,1,0,3,3,3,3,3,3,3,3,2,2,2,2,2,2,2,2,2,2,2,2,5,5,5,5,4,5,5,5,5,5,1,1,1,1,1,1,1,1,1,NA,46,5,11,2,2,70050532,1,1,6,2,24,49,8,24,1,1,0.6,0.8571428571428571,0.7285714285714285,10
245,403,.10,100,24,1st,8,emily,9,0,0,0,0,1,1,0,500,10,.01,1,1,0,2,5,3,4,2,5,5,5,2,2,1,2,2,3,3,2,1,2,3,4,6,1,5,1,2,2,2,2,4,4,1,1,1,1,1,1,1,1,2,NA,32,1,7,2,3,45066074,1,1,2,2,31,29,8,27,1,1,0.775,0.2857142857142857,0.5303571428571429,10
246,564,10,100,24,First,7,June,9,0,0,0,0,0,0,0,500,1,1,1,0,0,3,3,3,3,5,3,3,3,1,1,1,1,1,1,1,1,1,1,1,1,4,2,3,1,1,1,1,4,1,6,1,1,1,0,1,1,0,0,2,NA,31,3,5,1,2,71143665,1,1,0,1,26,24,5,12,1,1,0.65,0,0.325,6
247,509,5,5,47,2,8,Emily,0,1,1,1,0,1,1,1,500,10,.1,1,1,0,2,4,4,4,5,4,4,2,5,5,5,5,5,5,5,4,5,4,5,5,3,3,2,2,2,3,3,3,4,3,1,1,1,1,1,1,1,1,2,NA,66,1,7,5,3,25377650,1,1,6,2,29,28,8,58,1,1,0.725,0.8571428571428571,0.7910714285714285,10
248,301,.05,5,47,second,8,Emily,3,1,1,1,1,1,1,0,500,1,.1,1,0,0,5,5,5,5,3,5,5,3,1,1,1,1,1,1,1,1,1,1,1,1,3,4,1,1,1,3,3,2,3,3,1,1,1,1,1,1,1,1,2,NA,19,1,5,1,2,78758745,1,1,6,1,36,24,8,12,1,1,0.9,0.8571428571428571,0.8785714285714286,9
249,246,.05,5,47,second,8,Emily,9,1,1,1,1,1,1,0,500,10,1,1,1,0,4,5,5,5,3,4,4,5,1,1,1,1,3,2,2,3,2,3,3,3,6,6,5,4,5,4,4,3,5,4,1,1,1,1,1,1,1,1,2,NA,25,6,8,1,2,28266535,1,1,6,2,35,46,8,25,1,1,0.875,0.8571428571428571,0.8660714285714286,10
250,577,.05,100,47,first,8,June,27,1,0,1,0,1,0,0,500,10,1000,1,1,0,3,2,4,3,4,3,4,4,3,3,4,2,3,4,4,4,5,2,3,5,1,2,4,1,1,1,1,2,2,3,1,1,1,1,1,1,1,1,2,NA,69,1,5,5,2,66858532,1,1,3,2,27,18,8,42,1,1,0.675,0.42857142857142855,0.5517857142857143,10
251,472,10,20,24,second place,8,June,27,0,0,0,1,1,0,0,666,10,0.1,0,1,0,3,4,4,5,4,5,5,5,1,1,1,1,1,1,1,1,1,1,1,1,6,5,5,6,6,6,5,5,5,6,1,1,1,1,1,1,0,1,1,NA,40,1,8,2,4,96293226,1,1,2,1,35,55,7,12,1,1,0.875,0.2857142857142857,0.5803571428571428,8
252,428,.10,100,24,first,7,emily,9,0,0,0,0,0,1,0,4,50,20,0,0,0,4,3,3,2,3,4,3,4,4,3,3,4,3,3,4,2,3,4,3,3,5,4,5,4,3,5,4,3,5,3,1,1,0,0,1,1,1,0,2,NA,30,5,8,2,2,61177118,1,1,1,0,26,41,5,39,1,1,0.65,0.14285714285714285,0.39642857142857146,5
253,500,0.10,20,24,first,8,June,27,0,0,0,0,1,0,0,300,1,10,0,0,0,3,3,2,4,3,3,3,2,4,4,5,1,5,5,5,5,5,3,3,4,3,3,2,1,1,2,2,2,2,3,1,1,0,0,1,0,1,0,2,NA,36,1,7,2,3,50334261,1,1,1,0,23,21,4,49,1,1,0.575,0.14285714285714285,0.3589285714285714,4
254,260,.10,5,47,2,8,emily,9,0,1,1,0,1,1,0,50,10,1,0,1,0,3,4,4,4,3,4,4,3,2,2,2,2,2,2,2,2,2,2,2,2,5,5,4,4,4,4,4,4,4,4,0,1,1,1,1,1,1,1,2,NA,39,1,11,2,4,77463753,1,1,4,1,29,42,7,24,1,1,0.725,0.5714285714285714,0.6482142857142856,8
255,753,1.05,5 minutes,47,first,8,Emily,3,0,1,1,0,1,1,0,500,10 people,0.1%,1,1,1,3,3,3,3,3,3,3,3,2,2,1,1,1,2,2,2,2,2,2,2,4,4,4,4,4,4,4,4,3,4,1,1,1,1,1,1,1,1,2,NA,35,4,8,2,2,25745471,1,1,4,3,24,39,8,21,1,1,0.6,0.5714285714285714,0.5857142857142856,11
256,372,.10,5 minutes,24,First place,8,June,27,0,1,0,0,1,0,0,500,1,1,1,0,0,4,5,5,5,2,5,5,5,1,1,1,1,1,1,1,1,1,1,1,1,6,5,5,5,4,5,5,5,5,6,1,1,1,1,1,1,1,1,2,NA,26,1,9,2,3,38280955,1,1,2,1,36,51,8,12,1,1,0.9,0.2857142857142857,0.5928571428571429,9
257,1505,0.10,5,47,Second,8,June,27,0,1,1,1,1,0,0,500,10,.10,1,1,0,4,5,5,4,2,5,5,5,5,5,4,4,4,4,5,4,5,5,4,5,6,5,6,6,4,6,6,4,5,6,1,1,0,1,1,1,1,0,1,NA,27,2,6,1,2,90082403,1,1,4,2,35,54,6,54,1,1,0.875,0.5714285714285714,0.7232142857142857,8
258,307,10,5,24,second,8,emily,3,0,1,0,1,1,1,0,800,1,1,0,0,0,4,5,4,5,2,4,4,3,1,1,1,1,1,2,2,1,1,2,4,2,4,4,3,3,2,2,3,3,2,4,1,0,1,1,1,1,1,0,2,NA,60,1,5,2,3,4180393,1,1,4,0,31,30,6,19,1,1,0.775,0.5714285714285714,0.6732142857142858,6
259,697,$0.10,5 minutes,47,first,7,I'm not sure,27,0,1,1,0,0,0,0,500,1,0.1,1,0,0,4,5,5,5,4,4,5,4,2,2,2,2,3,3,3,4,3,4,3,4,5,5,5,4,3,3,3,3,3,4,1,1,1,1,1,1,1,1,1,NA,23,5,8,1,1,33925933,1,1,2,1,36,38,8,35,1,1,0.9,0.2857142857142857,0.5928571428571429,9
260,533,.05,5 minutes,47,second,8,Emily,"None, it's a hole",1,1,1,1,1,1,1,500,10,0.1%,1,1,1,3,4,4,5,4,4,5,3,1,1,1,1,1,1,1,1,1,2,1,3,6,6,5,4,5,4,3,3,4,5,1,1,1,1,1,1,1,1,2,NA,42,1,7,2,2,6502977,1,1,7,3,32,45,8,15,1,1,0.8,1,0.9,11
261,278,.10,100,24,first,8,june,27,0,0,0,0,1,0,0,500,10,1,1,1,0,3,3,3,2,1,1,2,3,3,3,1,1,1,1,1,1,1,1,1,4,4,1,1,1,3,3,3,2,4,4,1,0,0,1,1,0,1,1,2,NA,67,1,5,5,2,47728384,1,1,1,2,18,26,5,19,1,1,0.45,0.14285714285714285,0.29642857142857143,7
262,363,.05,5 minutes,47,second,8,Emily,0,1,1,1,1,1,1,1,500,10,.1%,1,1,1,4,5,5,4,3,5,5,3,1,1,1,1,1,1,1,2,1,1,2,1,6,5,4,4,3,3,3,3,5,6,1,1,1,1,1,1,1,1,2,NA,34,1,8,2,4,72404615,1,1,7,3,34,42,8,14,1,1,0.85,1,0.925,11
264,606,5 cents,5 minutes,47 days,2nd place,8,Emily,none,1,1,1,1,1,1,1,500,10,0.1,1,1,0,2,4,3,4,3,2,4,3,2,2,2,2,2,2,3,2,1,2,4,2,1,2,4,1,2,1,1,1,1,3,1,1,0,1,0,1,1,0,2,NA,18,3,4,1,3,3185603,1,1,7,2,25,17,5,26,1,1,0.625,1,0.8125,7
265,479,.10,100 minutes,47 days,second place,8,Emily,27,0,0,1,1,1,1,0,500,10,.01,1,1,0,2,3,3,4,2,3,4,2,4,4,4,2,4,5,5,2,4,3,4,4,3,3,4,3,2,2,2,1,1,3,1,1,1,1,1,1,0,0,1,NA,42,1,9,2,4,98820078,1,1,4,2,23,24,6,45,1,1,0.575,0.5714285714285714,0.5732142857142857,8
266,367,.10,100,24,First,8,June,27,0,0,0,0,1,0,0,300,10,1,0,1,0,4,3,4,4,3,3,3,3,3,3,3,3,3,3,3,3,3,3,3,3,1,3,4,3,3,3,3,3,3,3,1,0,0,1,1,0,1,0,2,NA,35,1,4,5,2,96438935,1,1,1,1,27,29,4,36,1,1,0.675,0.14285714285714285,0.4089285714285714,5
267,445,.10,100,24,First,7,Emily,27,0,0,0,0,0,1,0,333,100,10,0,0,0,2,2,4,5,2,3,4,4,4,4,5,1,1,5,5,5,5,4,3,4,1,2,3,2,2,1,1,2,2,2,1,1,0,1,1,1,1,1,2,NA,58,1,9,2,4,78496109,1,1,1,0,26,18,7,46,1,1,0.65,0.14285714285714285,0.39642857142857146,7
269,859,0.10,500,24,first place,7,Emily,27 cubic feet of dirt,0,0,0,0,0,1,0,5,1,1%,1,0,0,3,4,5,4,2,1,2,5,4,5,2,1,2,2,1,2,2,1,3,2,5,4,5,6,5,4,5,6,5,6,1,0,0,1,1,1,0,0,1,NA,27,1,8,1,3,98821226,1,1,1,1,26,51,4,27,1,1,0.65,0.14285714285714285,0.39642857142857146,5
270,513,.10,10,24,second,8,emily,9,0,0,0,1,1,1,0,500,10,10,1,1,0,3,5,5,4,3,2,5,5,4,4,2,4,3,4,4,4,4,5,5,5,6,6,6,6,6,5,5,5,5,5,1,1,0,1,1,1,1,1,2,NA,31,1,4,2,3,10240069,1,1,3,2,32,55,7,48,1,1,0.8,0.42857142857142855,0.6142857142857143,9
271,645,.10,100 minutes,24,first,7,june,3,0,0,0,0,0,0,0,500,50,1%,1,0,0,3,4,5,5,3,3,5,3,2,1,1,1,1,1,1,1,1,1,1,2,5,4,3,4,4,4,3,4,4,5,1,1,0,0,1,1,1,0,1,NA,36,2,8,2,3,52689431,1,1,0,1,31,40,5,14,1,1,0.775,0,0.3875,6
272,209,0.05,100,24,first,8,June,27,1,0,0,0,1,0,0,500,100,0.01,1,0,0,3,5,5,5,4,4,5,5,1,1,1,1,1,1,1,1,1,1,4,1,6,5,5,5,6,6,6,6,6,6,1,1,1,1,1,1,1,1,2,NA,25,1,8,1,4,91052659,1,1,2,1,36,57,8,15,1,1,0.9,0.2857142857142857,0.5928571428571429,9
273,734,.10,5 minutes,47,second,8,march or june,27,0,1,1,1,1,0,0,500,10,.1,1,1,0,4,5,5,5,3,4,5,1,1,1,1,1,1,1,1,2,1,1,1,3,4,4,3,2,2,3,1,4,3,4,1,0,1,0,1,0,1,1,1,NA,20,1,3,3,2,4125394,1,1,4,2,32,30,5,15,1,1,0.8,0.5714285714285714,0.6857142857142857,7
274,473,.10,100,24,first,7,Emily,27,0,0,0,0,0,1,0,500,10,10,1,1,0,3,4,5,5,3,3,5,4,2,2,1,2,1,2,3,1,1,2,3,1,6,5,5,4,5,5,5,4,5,5,1,1,0,1,1,1,1,1,2,NA,39,1,5,2,3,92823660,1,1,1,2,32,49,7,21,1,1,0.8,0.14285714285714285,0.4714285714285714,9
275,520,.10,100,24,first,8,Emily,9,0,0,0,0,1,1,0,500,1,1%,1,0,0,2,2,2,4,2,2,2,2,2,2,4,4,4,4,4,3,5,4,4,5,3,2,2,1,1,2,1,2,1,2,0,1,1,0,1,1,1,1,2,NA,50,1,7,2,2,3780800,1,1,2,1,18,17,6,45,1,1,0.45,0.2857142857142857,0.3678571428571429,7
278,214,.05,5 minutes,47,second,8,Emily,0,1,1,1,1,1,1,1,500,10,.1%,1,1,1,4,4,5,5,3,3,4,4,1,1,1,1,1,1,1,1,1,1,1,3,4,5,4,4,4,4,5,2,3,5,1,1,0,0,1,1,1,0,2,NA,29,1,8,1,2,4223321,1,1,7,3,32,40,5,14,1,1,0.8,1,0.9,8
279,624,0.05,5 minutes,47,second,8,Emily,27,1,1,1,1,1,1,0,500,10,0.1,1,1,0,4,4,4,4,4,4,4,4,2,2,2,1,2,2,2,2,1,2,2,2,3,4,3,1,2,3,2,2,1,3,1,1,1,1,1,1,0,0,1,NA,64,5,5,1,1,74598031,1,1,6,2,32,24,6,22,1,1,0.8,0.8571428571428571,0.8285714285714285,8
280,764,0.10,5 minutes,47 days,second,none,June,0.015625,0,1,1,1,0,0,0,6,10,0.1%,0,1,1,4,5,5,5,5,5,5,5,1,1,1,1,1,1,1,1,1,1,1,1,4,5,5,5,5,6,6,6,6,6,1,1,1,1,1,0,1,1,2,NA,39,5,8,2,3,13429168,1,1,3,2,39,54,7,12,1,1,0.975,0.42857142857142855,0.7017857142857142,9
281,823,0.1,100,24,second place,7,june,27,0,0,0,1,0,0,0,6,10,1%,0,1,0,3,5,1,1,3,3,1,3,2,2,2,2,2,2,3,2,4,2,4,4,1,1,6,6,4,5,5,6,6,6,1,0,0,1,1,1,1,0,2,NA,27,1,9,1,2,12404753,1,1,1,1,20,46,5,31,1,1,0.5,0.14285714285714285,0.3214285714285714,6
282,938,$.10,100,24,first,8,emily,9,0,0,0,0,1,1,0,500,1,10,1,0,0,3,4,2,3,4,4,5,2,1,1,1,1,1,1,3,4,1,1,3,2,2,3,3,2,1,3,2,1,2,3,1,0,0,1,1,1,1,1,2,NA,39,1,4,2,3,71648908,1,1,2,1,27,22,6,20,1,1,0.675,0.2857142857142857,0.48035714285714287,7
283,606,10 cents,100,24,first,7,June,27,0,0,0,0,0,0,0,4,10,1,0,1,0,4,2,2,4,2,2,4,2,2,2,1,1,1,1,1,1,1,1,1,1,4,2,4,2,5,5,5,5,5,5,1,0,0,1,1,1,0,0,2,NA,57,1,7,4,2,66763968,1,1,0,1,22,42,4,14,1,1,0.55,0,0.275,5
284,414,.05,5 minutes,47 days,Second place,8,Emily,0,1,1,1,1,1,1,1,500,10,0.1,1,1,0,4,5,4,5,5,5,5,4,1,1,1,1,1,1,1,1,1,1,2,1,6,6,6,4,4,2,2,2,4,5,1,1,1,1,1,1,1,1,2,NA,47,1,9,2,3,44573915,1,1,7,2,37,41,8,13,1,1,0.925,1,0.9625,10
285,290,0.10,100,47,First,7,Emily,27,0,0,1,0,0,1,0,500,10,0.001,1,1,1,4,5,5,4,4,3,5,4,2,2,2,3,2,4,3,3,2,4,4,5,6,6,6,6,6,5,6,6,6,6,1,1,1,1,1,1,1,1,1,NA,37,1,8,2,3,67643264,1,1,2,3,34,59,8,36,1,1,0.85,0.2857142857142857,0.5678571428571428,11
286,662,0.10,5 minutes,47th day,second place,8,emily,27,0,1,1,1,1,1,0,3500,1,10%,1,0,0,4,4,4,5,2,4,5,5,4,4,4,4,3,2,4,4,4,1,2,2,2,1,2,2,2,2,2,2,2,2,1,0,1,0,1,1,1,0,2,NA,28,3,4,3,3,44086646,1,1,5,1,33,19,5,38,1,1,0.825,0.7142857142857143,0.7696428571428571,6
287,708,.10,5 minutes,47,2nd,8,Emily,27,0,1,1,1,1,1,0,500,10,10,1,1,0,3,4,4,4,4,3,4,3,1,1,1,1,1,1,1,1,1,1,3,1,5,5,5,5,5,5,5,5,5,5,1,1,1,1,1,1,1,1,2,NA,59,1,8,5,2,46824997,1,1,5,2,29,50,8,14,1,1,0.725,0.7142857142857143,0.7196428571428571,10
289,197,.10,5,47,second,8,June,27,0,1,1,1,1,0,0,500,10,.1,1,1,0,3,4,4,4,3,4,4,4,4,4,3,3,3,1,5,5,3,3,3,5,4,4,3,3,3,3,3,4,4,5,1,1,1,0,1,1,0,1,1,NA,52,1,8,2,4,38933961,1,1,4,2,30,36,6,42,1,1,0.75,0.5714285714285714,0.6607142857142857,8
290,889,0.05,100 minutes,24,2nd,8,Emily,27,1,0,0,1,1,1,0,500,10,0.1,1,1,0,3,5,4,5,3,4,5,3,2,2,2,2,4,2,3,3,4,3,4,3,3,3,2,1,1,1,1,1,4,5,1,1,1,0,1,1,1,0,2,NA,34,3,8,2,2,655892,1,1,4,2,32,22,6,34,1,1,0.8,0.5714285714285714,0.6857142857142857,8
291,670,05,100,47,2,8,emily,27,1,0,1,0,1,1,0,500,1,1,1,0,0,4,4,4,4,2,2,4,4,2,2,2,4,2,2,4,2,2,2,2,2,2,3,3,2,3,3,3,3,3,4,1,1,1,1,1,1,1,1,1,NA,50,1,5,2,2,42709570,1,1,4,1,28,29,8,28,1,1,0.7,0.5714285714285714,0.6357142857142857,9
292,483,0.10,100,24,second,8,June,9,0,0,0,1,1,0,0,500,10,1,1,1,0,4,4,4,4,3,4,4,4,1,1,1,1,1,1,1,1,1,1,1,1,5,5,4,3,4,4,2,5,5,5,1,1,1,1,1,1,1,0,2,NA,60,6,5,5,2,37341618,1,1,2,2,31,42,7,12,1,1,0.775,0.2857142857142857,0.5303571428571429,9
293,255,.10,500,24,First,8,June,27,0,0,0,0,1,0,0,500,10,10,1,1,0,3,3,3,5,3,4,4,3,1,1,1,1,1,1,1,1,1,1,1,1,5,4,4,4,4,4,4,4,4,5,1,1,1,0,1,1,1,1,2,NA,54,1,8,5,2,79436412,1,1,1,2,28,42,7,12,1,1,0.7,0.14285714285714285,0.4214285714285714,9
294,2114,.10,1.6 hours,24 days,2nd place,8,June,none,0,0,0,1,1,0,1,"1,000 times",100,"1 in 1,000",0,0,0,3,2,4,5,3,4,5,4,1,1,1,1,1,1,2,2,1,1,1,1,6,6,6,6,6,6,6,6,6,6,0,1,0,1,1,0,1,0,2,NA,49,3,7,5,2,9385021,1,1,3,0,30,60,4,14,1,1,0.75,0.42857142857142855,0.5892857142857143,4
295,769,.10,10,24,1st,8,Emily,9,0,0,0,0,1,1,0,500,1,1%,1,0,0,3,3,4,5,2,4,4,2,1,1,1,1,1,1,1,1,1,1,1,1,5,4,1,1,1,1,1,1,2,5,1,1,1,0,1,1,1,0,1,NA,42,3,4,1,2,59754662,1,1,2,1,27,22,6,12,1,1,0.675,0.2857142857142857,0.48035714285714287,7
296,477,.10,5 minutes,47 days,First,8,Emily,9,0,1,1,0,1,1,0,500 times,1,1%,1,0,0,3,4,2,5,4,2,4,2,2,2,3,4,3,2,4,4,2,2,2,4,3,3,3,2,4,4,3,3,4,6,1,1,1,1,1,1,1,1,2,NA,25,1,8,1,3,18000467,1,1,4,1,26,35,8,34,1,1,0.65,0.5714285714285714,0.6107142857142858,9
297,423,.10,5 minutes,12,first,8,June,9,0,1,0,0,1,0,0,500,1,.10,1,0,0,2,4,5,4,5,5,4,3,1,1,1,1,1,2,1,1,1,1,2,3,6,6,5,6,6,5,6,5,6,6,1,1,1,1,1,1,0,1,2,NA,36,1,8,5,1,15553961,1,1,2,1,32,57,7,16,1,1,0.8,0.2857142857142857,0.5428571428571429,8
298,372,0.10,100,24,Third,8,June,9,0,0,0,0,1,0,0,500,10,1%,1,1,0,4,5,4,5,2,5,5,4,1,1,1,1,1,5,1,1,1,2,1,1,3,4,2,1,1,3,3,1,3,3,1,1,1,1,1,1,0,0,1,NA,56,1,9,2,3,87758837,1,1,1,2,34,24,6,17,1,1,0.85,0.14285714285714285,0.49642857142857144,8
299,694,$.10,5 minutes,47 days,second place,8,Emily,27,0,1,1,1,1,1,0,500,10,.1,1,1,0,3,5,5,4,2,4,4,3,3,3,2,2,3,4,3,4,3,3,3,4,4,4,3,3,4,4,3,3,4,4,1,1,1,1,1,1,1,1,2,NA,50,1,8,5,2,88148716,1,1,5,2,30,36,8,37,1,1,0.75,0.7142857142857143,0.7321428571428572,10
300,238,.10,100,24,1,7,June,27,0,0,0,0,0,0,0,500,10,.001,1,1,1,3,3,3,3,3,3,2,4,3,2,3,3,3,3,4,4,3,4,3,4,3,1,5,4,4,1,4,4,3,5,1,1,1,1,1,1,1,0,1,NA,19,1,8,1,1,72986809,1,1,0,3,24,34,7,39,1,1,0.6,0,0.3,10
301,291,0.10,10,2,1st,7,emily,9,0,0,0,0,0,1,0,4,2,500,0,0,0,4,4,4,2,2,2,2,4,4,4,5,4,4,4,4,4,5,4,4,4,5,5,5,5,5,5,5,5,5,5,1,1,1,0,1,1,0,0,1,NA,21,1,4,1,3,90439794,1,1,1,0,24,50,5,50,1,1,0.6,0.14285714285714285,0.37142857142857144,5
302,466,.10,100,24,1st,8,Emily,3,0,0,0,0,1,1,0,500,10,1,1,1,0,4,5,5,5,2,5,5,4,2,2,2,2,2,2,2,4,2,4,2,2,6,6,6,4,5,5,5,5,5,5,1,1,1,1,1,1,1,1,1,NA,28,1,8,3,2,72065015,1,1,2,2,35,52,8,28,1,1,0.875,0.2857142857142857,0.5803571428571428,10
303,427,0.10,100,24,Second,8,Emily,9,0,0,0,1,1,1,0,500,10,0.5%,1,1,0,4,5,5,4,4,4,5,4,2,2,1,1,2,2,2,3,2,3,2,3,5,4,5,4,4,3,4,4,4,5,1,1,1,1,1,1,1,0,2,NA,25,1,8,1,4,52403470,1,1,3,2,35,42,7,25,1,1,0.875,0.42857142857142855,0.6517857142857143,9
304,207,10,20,24,First,8,June,27,0,0,0,0,1,0,0,500,1,1,1,0,0,1,1,1,1,1,1,1,1,1,1,1,1,1,1,1,1,1,1,1,1,1,1,1,1,1,1,1,1,1,1,1,1,0,0,0,1,1,1,2,NA,54,1,9,4,2,25427482,1,1,1,1,8,10,5,12,1,1,0.2,0.14285714285714285,0.17142857142857143,6
305,751,10,100,24,2nd,8,Emily,3ft,0,0,0,1,1,1,0,300,1,1,0,0,0,2,2,4,5,1,2,4,2,4,2,2,2,1,2,4,2,4,2,4,4,4,4,2,2,2,2,2,3,3,4,1,1,0,0,1,0,1,1,2,NA,59,1,8,3,2,51857707,1,1,3,0,22,28,5,33,1,1,0.55,0.42857142857142855,0.4892857142857143,5
306,348,.10,100 minutes,24 days,first place,8,Emily,27,0,0,0,0,1,1,0,500,1,1,1,0,0,2,4,4,4,3,2,3,3,2,2,2,2,1,2,2,2,2,3,2,2,2,3,3,3,3,2,3,4,3,3,0,1,0,1,1,1,1,1,2,NA,63,1,4,5,2,9416222,1,1,2,1,25,29,6,24,1,1,0.625,0.2857142857142857,0.45535714285714285,7
308,340,.10,5 minutes,47 days,second,8,Emily,No dirt in a hole.,0,1,1,1,1,1,0,500,1 person,1,1,0,0,3,5,5,5,4,5,5,5,1,1,1,1,1,2,1,1,1,1,1,1,6,6,6,5,4,5,6,4,5,6,1,1,1,0,1,1,1,1,2,NA,40,5,8,2,3,26339617,1,1,5,1,37,53,7,13,1,1,0.925,0.7142857142857143,0.8196428571428571,8
310,570,.10,100 minutes,12 days,second,8,emily,27cubic feet,0,0,0,1,1,1,0,500,10,1%,1,1,0,3,3,3,5,2,2,3,2,3,3,3,5,3,3,3,3,3,2,4,3,3,3,3,3,3,3,3,3,4,4,1,1,0,1,1,0,1,1,2,NA,24,3,4,3,1,20699064,1,1,3,2,23,32,6,38,1,1,0.575,0.42857142857142855,0.5017857142857143,8
311,293,.05,5 minutes,47 days,second,8,Emily,0,1,1,1,1,1,1,1,500,10,.1,1,1,0,3,5,5,5,3,5,5,4,4,4,3,2,4,4,3,4,4,3,2,4,6,5,5,5,4,5,5,5,5,5,1,1,1,1,1,1,1,1,2,NA,52,1,5,3,2,62913984,1,1,7,2,35,50,8,41,1,1,0.875,1,0.9375,10
312,460,.90,100,20,second,8,emily,9,0,0,0,1,1,1,0,500,1,1,1,0,0,3,3,2,3,3,4,3,4,3,3,2,2,3,3,3,3,3,2,2,3,3,4,3,3,2,5,4,3,4,3,1,1,0,1,1,1,0,0,2,NA,28,1,7,2,2,17531689,1,1,3,1,25,34,5,32,1,1,0.625,0.42857142857142855,0.5267857142857143,6
313,1337,.10,100,24,second,8,emily,9,0,0,0,1,1,1,0,500,10,1 out of 1000,1,1,0,3,3,2,3,2,2,3,2,3,2,2,2,2,4,3,3,3,3,2,3,3,3,4,4,3,3,3,2,2,2,1,1,1,1,1,1,0,1,1,NA,38,1,4,6,2,92258505,1,1,3,2,20,29,7,32,1,1,0.5,0.42857142857142855,0.4642857142857143,9
314,785,$0.10,5,24,1st place,7,June,9,0,1,0,0,0,0,0,6,1,10%,0,0,0,1,4,3,5,2,5,5,1,5,5,2,1,1,3,5,4,4,5,5,5,1,1,1,1,1,1,1,4,4,3,1,1,0,0,1,1,1,0,2,NA,39,1,4,2,3,23240015,1,1,1,0,26,18,5,45,1,1,0.65,0.14285714285714285,0.39642857142857146,5
315,390,.10,100,24,first,8,June,3,0,0,0,0,1,0,0,500,10,.1,1,1,0,5,5,5,5,4,5,5,5,1,1,1,1,1,1,1,1,1,1,1,1,6,5,4,4,2,5,5,6,6,6,1,1,1,1,1,1,1,1,2,NA,20,1,5,1,4,92085871,1,1,1,2,39,49,8,12,1,1,0.975,0.14285714285714285,0.5589285714285714,10
316,426,.10,5 minutes,47,Second,8,Emily,9,0,1,1,1,1,1,0,500,10,.01,1,1,0,4,5,4,5,3,5,5,3,1,1,1,1,1,1,1,2,1,1,1,1,6,6,6,2,6,4,6,3,6,6,1,1,1,0,1,1,0,1,1,NA,40,1,5,2,4,69660420,1,1,5,2,34,51,6,13,1,1,0.85,0.7142857142857143,0.7821428571428571,8
317,310,0.10,100,24,first,8,Emily,3,0,0,0,0,1,1,0,500,10,0.1,1,1,0,4,5,5,5,4,5,5,4,1,1,1,1,1,1,1,2,1,1,1,1,6,6,6,6,6,6,6,6,6,6,1,1,0,1,1,1,1,1,2,NA,26,1,6,1,2,4027666,1,1,2,2,37,60,7,13,1,1,0.925,0.2857142857142857,0.6053571428571429,9
318,205,.10,5,4,1,8,emily,27,0,1,0,0,1,1,0,528,10,15,1,1,0,4,5,4,4,2,1,2,4,4,5,2,2,2,2,3,2,2,4,4,5,5,6,4,5,4,5,6,5,5,6,1,1,0,1,1,0,1,0,2,NA,42,1,6,2,2,55367139,1,1,3,2,26,51,5,37,1,1,0.65,0.42857142857142855,0.5392857142857143,7
319,1007,$0.05,5 minutes,47 days,second place,8,Emily,27 cubic feet,1,1,1,1,1,1,0,500,10,0.1%,1,1,1,2,4,4,2,4,2,4,4,5,5,4,4,4,5,5,5,5,5,5,5,4,4,2,1,1,1,1,1,1,4,1,1,1,0,1,1,1,1,2,NA,42,1,8,2,3,92615218,1,1,6,3,26,20,7,57,1,1,0.65,0.8571428571428571,0.7535714285714286,10
320,477,$0.05,5 minutes,47,first,8,Emily,0,1,1,1,0,1,1,1,500,10,0.1%,1,1,1,4,4,4,4,4,4,4,4,1,1,1,1,1,1,1,1,1,1,1,1,6,5,6,3,3,6,6,4,5,6,1,1,1,1,1,1,1,1,2,NA,32,1,8,1,2,58842968,1,1,6,3,32,50,8,12,1,1,0.8,0.8571428571428571,0.8285714285714285,11
321,408,.10,5 minutes,47,second,8,What,3,0,1,1,1,1,0,0,500,10,5,1,1,0,4,4,4,4,2,2,3,3,2,2,1,1,1,2,2,2,2,2,2,2,3,3,4,3,4,2,2,3,3,4,1,1,0,1,1,1,1,1,2,NA,28,1,8,2,3,18653772,1,1,4,2,26,31,7,21,1,1,0.65,0.5714285714285714,0.6107142857142858,9
322,508,0.05,5,47,third place,8,emily,27,1,1,1,0,1,1,0,500,10,0.1,1,1,0,4,3,4,3,2,2,3,4,4,3,4,3,2,3,2,3,2,3,4,3,5,4,5,4,3,4,5,4,5,4,1,0,0,0,0,1,0,0,1,NA,25,1,9,2,1,84398344,1,1,5,2,25,43,2,36,1,1,0.625,0.7142857142857143,0.6696428571428572,4
323,619,5 cents,100,47,second,7,June,9,1,0,1,1,0,0,0,500,10,.01,1,1,0,4,5,5,5,1,2,2,4,5,5,2,3,3,4,4,2,2,4,4,4,4,4,4,4,4,5,5,6,6,6,0,1,0,0,0,1,1,0,2,NA,24,5,8,1,3,76440675,1,1,3,2,28,48,3,42,1,1,0.7,0.42857142857142855,0.5642857142857143,5
324,445,.05,5,47,second place,8,emily,There is no dirt in a hole,1,1,1,1,1,1,1,500,10,.1,1,1,0,3,4,4,3,4,4,5,4,4,4,3,4,3,4,5,4,5,4,4,5,6,4,6,6,6,5,6,6,6,6,1,1,1,1,1,1,0,0,2,NA,49,1,5,2,4,73456243,1,1,7,2,31,57,6,49,1,1,0.775,1,0.8875,8
325,384,.5,5,24,first,8,emily,27,0,1,0,0,1,1,0,300,.1,10,0,0,0,4,5,5,5,3,2,5,4,1,1,1,1,1,1,1,1,1,1,2,2,5,5,5,4,4,3,3,4,4,6,1,1,0,1,1,1,0,1,1,NA,33,3,8,1,2,76163250,1,1,3,0,33,43,6,14,1,1,0.825,0.42857142857142855,0.6267857142857143,6
326,730,.05,5,47,second,8,Emily,0,1,1,1,1,1,1,1,500,10,.1,1,1,0,4,5,4,4,4,2,5,4,1,1,1,2,1,1,2,2,1,2,1,2,4,4,4,2,3,3,3,3,4,5,1,1,1,1,1,1,1,1,1,NA,48,1,8,2,3,28585047,1,1,7,2,32,35,8,17,1,1,0.8,1,0.9,10
327,659,.10,50,24,first,8,June,27,0,0,0,0,1,0,0,500,10,0.1,1,1,0,4,2,2,2,2,1,4,4,4,4,4,2,2,2,2,5,4,4,4,2,4,5,6,5,5,5,5,6,5,5,1,1,1,1,1,1,0,1,1,NA,24,1,8,1,2,77046381,1,1,1,2,21,51,7,39,1,1,0.525,0.14285714285714285,0.33392857142857146,9
328,654,.10,100,96,SECOND,8,JUNE,9,0,0,0,1,1,0,0,620,100,2,0,0,0,4,4,4,3,2,2,1,3,3,4,3,3,2,4,3,5,4,3,4,4,4,5,3,4,5,3,4,4,5,6,1,1,0,1,1,1,1,1,2,NA,27,3,8,1,3,94974547,1,1,2,0,23,43,7,42,1,1,0.575,0.2857142857142857,0.4303571428571428,7
329,339,.05,5,47,Second,8,Emily,0,1,1,1,1,1,1,1,500,100,10,1,0,0,4,5,5,3,1,2,2,3,4,5,4,3,3,4,3,4,2,4,4,4,4,6,3,4,6,5,3,5,4,5,1,1,0,0,1,1,1,0,2,NA,22,1,4,2,2,85483084,1,1,7,1,25,45,5,44,1,1,0.625,1,0.8125,6
330,289,.10,5,24,second place,8,emily,27,0,1,0,1,1,1,0,500,1,10,1,0,0,3,5,5,5,4,5,5,5,1,1,1,1,1,1,1,3,1,2,1,3,6,6,6,2,4,4,2,5,5,6,1,1,0,1,1,1,1,1,2,NA,38,1,7,1,1,23527525,1,1,4,1,37,46,7,17,1,1,0.925,0.5714285714285714,0.7482142857142857,8
332,340,.10,5,47,2,8,Emily,3,0,1,1,0,1,1,0,500,10,.1,1,1,0,4,4,4,4,3,4,4,4,5,5,5,5,3,5,5,5,5,5,5,5,4,3,4,2,2,2,2,2,4,2,1,1,1,1,1,1,1,1,2,NA,26,1,8,2,3,77298375,1,1,4,2,31,27,8,58,1,1,0.775,0.5714285714285714,0.6732142857142858,10
333,201,0.05,5,47,second,8,Emily,27,1,1,1,1,1,1,0,500,10,0.01,1,1,0,4,4,4,2,2,2,1,4,4,4,4,4,4,4,4,4,4,4,4,4,5,5,5,5,5,2,4,5,5,5,1,1,1,0,1,1,0,1,1,NA,28,1,5,1,2,83413519,1,1,6,2,23,46,6,48,1,1,0.575,0.8571428571428571,0.7160714285714285,8
334,484,.10,100 minutes,47,first,8,June,27,0,0,1,0,1,0,0,500,10, .1,1,1,0,2,4,3,3,3,3,3,3,2,2,2,2,2,2,2,2,2,2,2,2,4,4,4,3,3,3,4,4,4,4,1,1,1,1,1,1,0,1,1,NA,41,1,8,1,2,11665723,1,1,2,2,24,37,7,24,1,1,0.6,0.2857142857142857,0.44285714285714284,9
335,249,5,5,47,2,8,Emily,0,1,1,1,0,1,1,1,500,100,0.1,1,0,0,4,5,5,5,5,5,5,5,1,1,1,1,1,1,1,1,1,1,1,1,6,6,2,2,2,2,2,4,5,6,1,1,1,1,1,1,0,1,1,NA,38,1,6,1,3,56803417,1,1,6,1,39,37,7,12,1,1,0.975,0.8571428571428571,0.9160714285714285,8
336,821,.05,5 minutes,47 days,first,8,emily,27,1,1,1,0,1,1,0,500,10,.001,1,1,1,4,4,4,5,4,3,4,2,3,3,2,2,2,4,4,4,2,4,2,4,5,4,3,2,4,3,3,2,4,4,1,1,1,1,1,1,1,1,1,NA,41,1,8,1,1,97431032,1,1,5,3,30,34,8,36,1,1,0.75,0.7142857142857143,0.7321428571428572,11
337,900,.10,100 minutes,24,second,8,Emily,9,0,0,0,1,1,1,0,33,10,1,0,1,0,3,3,4,4,3,3,3,3,3,3,3,3,3,3,3,3,3,3,3,3,4,4,4,4,4,4,4,4,4,4,1,1,1,1,1,1,1,1,1,NA,26,1,4,1,2,2615734,1,1,3,1,26,40,8,36,1,1,0.65,0.42857142857142855,0.5392857142857143,9
338,424,0.10,100,24,Second,8,Emily,27,0,0,0,1,1,1,0,512,10,0.10,1,1,0,4,4,4,4,3,3,4,4,1,1,1,1,1,1,1,1,1,1,2,2,4,4,4,4,4,4,4,4,4,4,1,1,1,1,1,0,0,1,1,NA,32,1,4,1,1,6904891,1,1,3,2,30,40,6,14,1,1,0.75,0.42857142857142855,0.5892857142857143,8
339,413,.10,5,2,second,8,emily,27,0,1,0,1,1,1,0,500,1,.1,1,0,0,4,4,2,1,3,3,3,4,3,4,2,3,2,3,4,2,3,5,2,4,3,2,4,3,5,3,2,5,3,4,1,1,1,1,0,0,1,1,2,NA,30,1,7,2,2,51442354,1,1,4,1,24,34,6,37,1,1,0.6,0.5714285714285714,0.5857142857142856,7
340,388,.05,5 minutes,47,second place,8,Emily,3 feet,1,1,1,1,1,1,0,500,1,1%,1,0,0,4,5,5,5,2,3,5,4,2,2,2,3,1,3,4,4,1,3,2,5,5,4,1,2,1,1,2,1,3,3,1,1,1,1,1,1,1,1,1,NA,26,1,8,1,4,44417917,1,1,6,1,33,23,8,32,1,1,0.825,0.8571428571428571,0.8410714285714285,9
341,988,10 cents.,100 minutes.,24,3rd,7,June,24,0,0,0,0,0,0,0,500,10,1,1,1,0,5,5,4,5,2,2,5,5,4,4,4,5,5,5,5,4,4,4,5,5,4,3,6,4,3,2,2,2,4,5,1,1,1,0,1,1,1,1,2,NA,61,1,8,2,3,50154274,1,1,0,2,33,35,7,54,1,1,0.825,0,0.4125,9
342,1060,$.1,100 minutes,12 days,first,8,Emily,18 cubic feet,0,0,0,0,1,1,0,500,10,.1%,1,1,1,4,5,5,4,4,4,4,4,4,4,2,1,2,2,2,2,1,2,4,2,6,5,5,5,5,4,4,4,4,4,1,1,1,1,1,1,1,1,2,NA,33,1,9,2,5,4560724,1,1,2,3,34,46,8,28,1,1,0.85,0.2857142857142857,0.5678571428571428,11
344,613,10,100,24,FIRST,8,EMILY,27,0,0,0,0,1,1,0,500,10,1,1,1,0,2,2,4,4,2,4,4,4,1,1,1,1,1,1,1,1,1,1,2,1,1,1,4,3,3,4,4,5,4,5,1,1,1,0,1,1,1,0,2,NA,44,3,5,2,3,5514781,1,1,2,2,26,34,6,13,1,1,0.65,0.2857142857142857,0.46785714285714286,8
345,271,.05,5,47,second,8,June,0,1,1,1,1,1,0,1,500,10,.01,1,1,0,4,4,4,4,2,2,4,4,1,1,1,1,1,1,1,1,1,1,1,1,6,6,6,6,6,6,6,6,6,6,1,1,1,1,1,0,1,1,2,NA,63,1,8,5,2,945053,1,1,6,2,28,60,7,12,1,1,0.7,0.8571428571428571,0.7785714285714285,9
346,368,.10,5,47,First place,7,June,27,0,1,1,0,0,0,0,500,10,.1,1,1,0,3,4,4,4,4,4,4,4,5,5,5,2,2,5,5,5,5,4,5,5,1,2,1,1,1,1,2,2,2,1,1,1,1,1,1,1,1,1,1,NA,68,1,9,2,3,7847350,1,1,2,2,31,14,8,53,1,1,0.775,0.2857142857142857,0.5303571428571429,10
347,501,.10,200,24,2,7,April,9,0,0,0,0,0,0,0,6,100,400,0,0,0,3,4,5,2,3,4,3,4,3,4,5,4,5,5,4,5,4,4,5,4,4,5,6,5,6,5,6,5,6,5,1,1,0,1,1,0,0,1,1,NA,39,5,8,2,2,54782462,1,1,0,0,28,53,5,52,1,1,0.7,0,0.35,5
348,581,10,100,24,first,8,June,9,0,0,0,0,1,0,0,500,500,5%,1,0,0,2,2,4,4,4,4,4,3,3,3,3,3,3,3,3,3,4,2,3,4,3,4,3,3,3,3,3,3,3,4,1,1,1,1,1,1,0,1,1,NA,52,1,5,2,2,82336498,1,1,1,1,27,32,7,37,1,1,0.675,0.14285714285714285,0.4089285714285714,8
349,589,5,5,47,second,8,Emily,27,1,1,1,1,1,1,0,500,10,0.1,1,1,0,3,5,4,5,2,4,5,5,1,1,1,1,1,2,2,2,1,2,2,1,6,6,5,4,4,5,5,5,5,6,1,1,1,1,1,1,1,1,2,NA,41,1,5,2,2,35447819,1,1,6,2,33,51,8,17,1,1,0.825,0.8571428571428571,0.8410714285714285,10
350,573,.10,5 minutes,47 days,first place,7 sheep,emily,3,0,1,1,0,0,1,0,500,10,0.1%,1,1,1,1,4,5,4,4,5,5,5,1,1,1,1,1,1,1,2,1,1,4,1,6,6,6,4,6,5,5,6,6,6,1,1,1,1,1,1,1,1,2,NA,26,1,6,2,3,47622473,1,1,3,3,33,56,8,16,1,1,0.825,0.42857142857142855,0.6267857142857143,11
351,162,5 cents,5 minutes,47 days,2nd,8,june,27,1,1,1,1,1,0,0,500,10,0.1,1,1,0,3,5,5,3,5,5,5,3,1,1,1,1,1,1,1,1,1,1,1,1,6,6,6,6,6,6,6,6,6,6,1,1,1,1,1,1,0,0,2,NA,22,5,8,1,5,23852969,1,1,5,2,34,60,6,12,1,1,0.85,0.7142857142857143,0.7821428571428571,8
352,588,.10,20 minutes,14 days,First,8,Emily,None,0,0,0,0,1,1,1,500,10,.1,1,1,0,4,5,5,4,4,3,4,4,1,1,1,1,1,1,1,1,1,1,1,1,4,5,2,1,1,2,2,2,3,5,1,1,1,1,1,1,1,1,2,NA,52,1,8,2,2,97011402,1,1,3,2,33,27,8,12,1,1,0.825,0.42857142857142855,0.6267857142857143,10
353,807,1.10,100,24,First place,7,Emily,27,0,0,0,0,0,1,0,200,10,100,0,1,0,5,1,5,5,1,1,1,5,1,1,1,1,5,1,1,1,1,1,1,1,6,1,1,1,1,1,1,1,1,1,1,1,0,1,0,1,1,1,2,NA,36,3,3,2,3,12709046,1,1,1,1,24,15,6,16,1,1,0.6,0.14285714285714285,0.37142857142857144,7
354,393,.10,100,24,2,8,emily,0,0,0,0,0,1,1,1,340,10,10,0,1,0,4,5,5,5,3,3,3,4,1,1,1,1,1,1,1,1,1,1,1,1,4,4,1,1,1,1,1,1,1,5,1,1,1,1,1,1,1,1,2,NA,51,6,8,1,3,87659815,1,1,3,1,32,20,8,12,1,1,0.8,0.42857142857142855,0.6142857142857143,9
355,317,10,100 minutes,24,first,7,emily,9 cubic,0,0,0,0,0,1,0,250,100,50,0,0,0,4,4,3,3,2,2,3,4,3,3,4,3,3,3,3,3,4,4,3,4,4,4,3,5,5,4,4,5,5,5,1,0,1,1,1,1,1,0,2,NA,29,5,9,2,3,60904323,1,1,1,0,25,44,6,40,1,1,0.625,0.14285714285714285,0.3839285714285714,6
356,226,.10,10,24,First,8,Emily,27,0,0,0,0,1,1,0,100,20,10,0,0,0,5,4,3,2,2,3,2,4,5,4,4,4,3,4,3,2,3,3,4,3,4,4,4,4,5,5,5,3,3,4,1,0,1,1,0,1,1,0,1,NA,29,3,8,2,4,13206009,1,1,2,0,25,41,5,42,1,1,0.625,0.2857142857142857,0.45535714285714285,5
357,783,.10,5,47,Second,8,Emily,3,0,1,1,1,1,1,0,500,100,.1,1,0,0,3,1,2,1,1,1,2,3,5,5,5,1,1,5,1,5,5,5,3,5,1,1,1,1,1,1,1,1,1,1,1,1,1,1,1,1,1,1,1,NA,48,1,7,2,3,95393139,1,1,5,1,14,10,8,46,1,1,0.35,0.7142857142857143,0.5321428571428571,9
358,305,.10,100,24,first,7,june,27,0,0,0,0,0,0,0,545,575,575,1,0,0,3,2,3,4,2,3,2,2,3,4,2,3,4,3,3,4,2,4,3,2,3,4,5,4,4,4,3,5,4,4,1,1,1,1,0,1,0,0,1,NA,40,2,7,1,3,56108835,1,1,0,1,21,40,5,37,1,1,0.525,0,0.2625,6
359,302,.10,100,24,First,8,Emily,9,0,0,0,0,1,1,0,500,1,1,1,0,0,3,4,5,5,1,4,5,4,1,1,1,1,1,1,1,1,1,1,1,1,6,6,6,6,6,6,6,6,6,6,1,1,1,1,1,1,1,1,2,NA,55,1,5,2,3,77989489,1,1,2,1,31,60,8,12,1,1,0.775,0.2857142857142857,0.5303571428571429,9
360,443,.10,20,24,1st,8,Emily,9,0,0,0,0,1,1,0,524,10,0.1,1,1,0,4,5,3,5,3,3,4,3,1,1,1,1,1,1,1,1,1,1,1,1,6,6,5,5,5,4,5,5,5,5,1,1,1,0,0,0,1,0,2,NA,27,1,5,1,3,47955346,1,1,2,2,30,51,4,12,1,1,0.75,0.2857142857142857,0.5178571428571428,6
361,372,.10,100,47,second,8,Emily,0,0,0,1,1,1,1,1,600,10,1%,0,1,0,1,3,1,5,2,4,5,3,3,3,2,3,4,4,3,3,4,4,3,4,3,3,1,3,1,3,2,1,1,1,1,1,0,0,1,1,1,0,2,NA,36,1,5,2,3,93052573,1,1,5,1,24,19,5,40,1,1,0.6,0.7142857142857143,0.6571428571428571,6
362,1981,10 cents,5 minutes,47,Second place,8,Emily,3 cubic feet,0,1,1,1,1,1,0,500,10,.01,1,1,0,3,5,4,4,3,4,5,4,3,3,2,3,2,2,2,2,3,3,4,4,4,4,3,2,3,3,2,3,4,4,1,1,1,1,1,1,0,1,1,NA,40,1,5,1,2,99297403,1,1,5,2,32,32,7,33,1,1,0.8,0.7142857142857143,0.7571428571428571,9
363,813,.10,100 minutes,24,first,7,Emily,27,0,0,0,0,0,1,0,300,10,.001,0,1,1,3,4,4,4,2,4,4,3,2,2,2,2,2,2,2,2,2,3,2,2,2,2,2,2,2,2,2,2,2,4,1,1,1,1,1,1,1,1,2,NA,37,1,9,1,6,18556421,1,1,1,2,28,22,8,25,1,1,0.7,0.14285714285714285,0.4214285714285714,10
364,1000,0.05,5,47,second,8,Emily,9,1,1,1,1,1,1,0,500,10,1,1,1,0,2,4,4,5,3,4,5,5,1,1,1,2,3,3,2,2,1,2,3,2,6,6,4,4,5,4,4,3,5,4,1,1,1,1,1,1,1,1,2,NA,25,6,8,1,2,49300848,1,1,6,2,32,45,8,23,1,1,0.8,0.8571428571428571,0.8285714285714285,10
365,501,.10,100,24,1st,7,Emily,9,0,0,0,0,0,1,0,500,100,10,1,0,0,5,4,4,5,4,4,4,3,4,4,1,1,1,2,1,1,1,1,4,2,2,2,1,1,1,1,2,2,2,4,1,1,0,0,0,1,1,1,2,NA,62,1,4,5,2,41512911,1,1,1,1,33,18,5,23,1,1,0.825,0.14285714285714285,0.4839285714285714,6
366,884,.10,10 minutes,24,3rd place,8,june,9,0,0,0,0,1,0,0,2,10,10,0,1,0,5,4,3,2,3,2,3,3,5,4,3,3,4,5,4,5,3,4,4,3,2,2,2,4,4,2,3,4,3,3,1,0,0,0,0,0,1,1,1,NA,39,2,4,1,3,14594317,1,1,1,1,25,29,3,47,1,1,0.625,0.14285714285714285,0.3839285714285714,4
367,835,.10,100,24,first,8,June,27,0,0,0,0,1,0,0,25,10,1,1,1,0,4,4,4,5,2,4,4,4,5,5,5,1,5,5,5,5,5,3,5,5,4,3,4,1,1,1,1,1,1,4,1,1,1,0,1,0,1,1,2,NA,61,1,5,2,3,28660951,1,1,1,2,31,21,6,54,1,1,0.775,0.14285714285714285,0.45892857142857146,8
368,3371,.10,5 minutes,47,first place,7,june,27 feet,0,1,1,0,0,0,0,500,10,0.1%,1,1,1,4,3,4,5,1,1,1,5,4,4,2,2,2,5,5,5,5,5,5,5,6,6,4,5,5,6,6,6,6,6,1,1,0,1,1,1,1,1,2,NA,52,3,8,1,3,39063892,1,1,2,3,24,56,7,49,1,1,0.6,0.2857142857142857,0.44285714285714284,10
369,922,0.10,5 minutes,47,Second,8,Emily,27,0,1,1,1,1,1,0,500,10,0.1%,1,1,1,4,5,4,5,2,2,5,5,1,1,1,1,1,2,2,1,1,2,2,3,6,5,5,3,5,5,3,5,5,5,1,1,1,1,1,1,0,1,1,NA,25,1,11,1,4,56208518,1,1,5,3,32,47,7,18,1,1,0.8,0.7142857142857143,0.7571428571428571,10
370,435,0.10,100min,24,2,8,julia,3,0,0,0,0,1,0,0,6,1,1,0,0,0,3,5,2,5,4,4,4,4,3,5,3,5,3,1,1,2,1,1,3,1,3,6,2,2,1,1,2,3,4,6,1,1,0,0,0,0,1,0,1,NA,29,1,10,2,3,21597305,1,1,1,0,31,30,3,29,1,1,0.775,0.14285714285714285,0.45892857142857146,3
398,356,0.10,100,24,1,7,EMILY,27,0,0,0,0,0,1,0,6,10,10,0,1,0,4,4,4,2,2,2,2,4,3,4,4,4,4,4,4,4,4,4,4,4,5,5,5,5,5,4,4,5,4,4,1,1,0,1,1,1,1,0,2,NA,42,1,8,2,3,56328307,1,1,1,1,24,46,6,47,1,1,0.6,0.14285714285714285,0.37142857142857144,7
414,447,.05,5,16,1st,8,june,27,1,1,0,0,1,0,0,500,.1,.001,1,0,1,4,4,4,5,2,5,5,4,2,2,2,1,2,2,2,2,2,2,2,2,5,3,4,1,2,1,1,3,4,4,1,1,1,1,1,1,1,0,1,NA,53,1,8,5,4,20929147,1,1,3,2,33,28,7,23,1,1,0.825,0.42857142857142855,0.6267857142857143,9
415,309,0.10,100,24,first,8,Emily,27,0,0,0,0,1,1,0,3.5,1,0.1,1,0,0,3,3,3,3,3,3,3,3,3,3,3,3,3,3,3,3,3,3,3,3,4,4,4,4,4,4,4,4,4,4,1,1,1,1,1,1,1,1,2,NA,31,5,11,1,6,36757747,1,1,2,1,24,40,8,36,1,1,0.6,0.2857142857142857,0.44285714285714284,9
416,357,0.10,100,47,second,8,emily,3,0,0,1,1,1,1,0,500,10,0.10,1,1,0,3,5,4,5,5,4,5,3,2,2,1,4,1,2,4,1,1,1,4,5,2,3,1,1,1,1,1,1,1,6,1,1,1,0,1,1,1,1,1,NA,22,1,6,1,2,68526657,1,1,4,2,34,18,7,28,1,1,0.85,0.5714285714285714,0.7107142857142856,9
421,529,$0.05,5,47,second,8,Emily,27,1,1,1,1,1,1,0,500,10,0.1%,1,1,1,3,4,4,4,4,4,4,3,2,2,2,2,2,2,2,2,2,2,2,3,6,5,5,4,4,4,4,4,5,5,1,1,1,1,1,1,1,1,1,NA,47,5,11,2,4,93505343,1,1,6,3,30,46,8,25,1,1,0.75,0.8571428571428571,0.8035714285714286,11
422,274,2.00,25,45,1st,7,June,6,0,0,0,0,0,0,0,686,1,1,0,0,0,4,4,3,2,2,2,3,3,3,3,4,3,3,3,3,4,4,3,3,3,4,3,3,5,5,4,3,3,4,3,1,1,1,1,0,1,1,0,2,NA,21,3,4,1,2,78367024,1,1,0,0,23,37,6,39,1,1,0.575,0,0.2875,6
423,391,0.10,100,24,IN SECOND PLACEPLAY IN GROUND,7,JUNE,9,0,0,0,0,0,0,0,100,0.1,10%,0,0,0,4,5,4,1,2,1,2,5,4,5,4,5,4,5,4,4,3,4,5,4,5,4,5,5,6,5,6,5,4,5,1,0,1,1,0,0,1,0,1,NA,28,1,8,2,4,99197115,1,1,0,0,24,50,4,51,1,1,0.6,0,0.3,4
425,531,$.10,5 minutes,6 days,second place,8,Emily,3 cubic feet,0,1,0,1,1,1,0,500,100,",1%",1,0,1,3,5,5,5,3,3,5,4,1,1,1,1,1,1,1,1,1,1,1,1,5,3,3,4,3,4,4,5,5,6,0,1,1,0,1,1,0,1,2,NA,27,1,7,1,1,22287944,1,1,4,2,33,42,5,12,1,1,0.825,0.5714285714285714,0.6982142857142857,7
426,472,0.05,5 minutes,47,second,8,emily,none,1,1,1,1,1,1,1,500,10,0.1,1,1,0,4,5,5,4,4,2,2,5,2,2,2,2,2,3,2,4,2,2,3,4,5,5,6,5,6,6,5,5,5,6,1,1,1,1,1,1,1,1,1,NA,29,1,8,1,3,3719986,1,1,7,2,31,54,8,30,1,1,0.775,1,0.8875,10
427,421,0.10,500,1 month and 1 week,first,7,EMILY,9,0,0,0,0,0,1,0,6,3,5 PERCENT,0,0,0,4,3,3,2,2,3,3,4,4,4,3,3,3,3,3,3,3,2,3,3,5,4,4,3,4,4,3,4,5,5,1,0,0,1,0,1,0,0,1,NA,55,1,7,2,2,69800995,1,1,1,0,24,41,3,37,1,1,0.6,0.14285714285714285,0.37142857142857144,3
428,624,5 cents,5 minutes,47 days,second place,8,Emily,3,1,1,1,1,1,1,0,500,10,.001,1,1,1,5,5,5,5,5,4,5,3,2,2,1,1,1,1,1,1,2,2,1,4,5,4,5,2,2,3,3,2,6,6,1,1,1,1,1,1,0,0,1,NA,20,5,5,1,4,8104595,1,1,6,3,37,38,6,19,1,1,0.925,0.8571428571428571,0.8910714285714285,9
430,525,.10,100,12 days,second,8,emily,27,0,0,0,1,1,1,0,300,no way to tell,no way to tell,0,0,0,3,4,4,4,4,2,4,4,2,2,2,3,2,3,2,3,4,3,4,4,5,5,4,2,2,2,2,2,2,4,0,1,1,0,1,1,1,0,2,NA,67,1,10,2,6,1485755,1,1,3,0,29,30,5,34,1,1,0.725,0.42857142857142855,0.5767857142857142,5
431,480,.10,20 minutes,24,first place,8,emily,3,0,0,0,0,1,1,0,500,10,0.01,1,1,0,4,4,4,4,3,5,5,4,5,1,5,1,1,1,1,2,1,1,2,1,5,5,3,3,3,4,3,6,5,6,1,1,0,1,1,1,1,0,2,NA,22,5,5,1,3,41118956,1,1,2,2,33,43,6,22,1,1,0.825,0.2857142857142857,0.5553571428571429,8
432,460,0.10,100,12,1,7,first,100,0,0,0,0,0,0,0,8,100,10,0,0,0,1,2,3,3,2,1,2,5,1,3,4,3,4,4,3,4,4,3,3,4,2,3,4,4,4,5,5,6,4,5,1,0,1,0,1,1,1,0,1,NA,27,1,8,2,4,26074102,1,1,0,0,19,42,5,40,1,1,0.475,0,0.2375,5
433,733,.10,5 minutes,24,First,8,Emily,27,0,1,0,0,1,1,0,387,10,.1%,0,1,1,4,4,4,3,2,3,4,4,1,1,1,4,3,5,4,4,2,4,3,4,4,4,5,6,4,4,4,6,5,6,1,1,1,1,1,1,1,1,1,NA,21,2,7,1,2,27614968,1,1,3,2,28,48,8,36,1,1,0.7,0.42857142857142855,0.5642857142857143,10
434,296,.10,100 minutes,24,First,8,Emily,27,0,0,0,0,1,1,0,500,100,1,1,0,0,3,3,3,3,3,3,3,3,3,3,3,3,3,3,3,3,3,3,3,3,4,4,3,4,4,4,4,4,4,4,1,1,1,1,1,0,1,0,2,NA,32,1,4,3,2,44111154,1,1,2,1,24,39,6,36,1,1,0.6,0.2857142857142857,0.44285714285714284,7
439,458,.10,100,24,1,8,june,27,0,0,0,0,1,0,0,333,10,1,0,1,0,4,4,4,NA,2,4,4,4,1,1,1,1,1,5,1,1,1,2,1,2,3,3,5,5,4,4,4,4,4,5,1,1,1,1,0,0,1,1,1,NA,55,1,8,2,6,7049176,1,1,1,1,NA,41,6,18,1,1,NA,0.14285714285714285,NA,7
442,1154,10 cents,100 minutes,24,2nd,7,Emily,36,0,0,0,1,0,1,0,500,1,1,1,0,0,3,4,3,4,4,3,4,1,5,5,3,3,3,4,4,3,5,4,3,5,4,2,2,1,1,1,1,1,1,2,1,1,1,0,1,1,1,1,1,NA,30,1,5,2,2,74974805,1,1,2,1,26,16,7,47,1,1,0.65,0.2857142857142857,0.46785714285714286,8
443,471,.10,100,12,2nd,8,Emily,27,0,0,0,1,1,1,0,100,10,.01%,0,1,0,4,4,2,4,2,4,4,3,1,1,1,2,1,2,2,1,1,1,4,4,6,6,6,5,4,6,6,4,6,6,1,1,1,1,1,1,1,0,1,NA,30,2,8,2,3,49611367,1,1,3,1,27,55,7,21,1,1,0.675,0.42857142857142855,0.5517857142857143,8
445,426,.10,5 min,2,2nd,15,Emily,3x3x3,0,1,0,1,0,1,0,300,10,1%,0,1,0,3,3,1,5,1,2,3,3,1,1,2,3,4,3,3,4,4,4,4,3,1,1,1,1,1,4,1,1,1,1,1,1,1,0,1,0,1,1,2,NA,36,1,8,2,2,61268523,1,1,3,1,21,13,6,36,1,1,0.525,0.42857142857142855,0.47678571428571426,7
448,294,.10,100 minutes,24 days,first place,8,June,27,0,0,0,0,1,0,0,500,10,.01,1,1,0,1,4,4,3,2,4,4,3,4,4,2,2,2,2,2,2,4,3,4,4,6,6,6,6,5,5,5,5,5,5,1,1,0,1,1,1,0,1,2,NA,32,5,8,5,3,48563297,1,1,1,2,25,54,6,35,1,1,0.625,0.14285714285714285,0.3839285714285714,8
449,548,.10,5,24,2,7,EMILY,3,0,1,0,0,0,1,0,300,1,0.1%,0,0,1,5,5,5,5,3,3,3,3,1,1,1,1,1,2,1,1,1,2,1,1,4,6,1,5,3,2,2,5,5,5,1,1,1,1,1,0,0,0,2,NA,28,2,5,3,2,44515756,1,1,2,1,32,38,5,14,1,1,0.8,0.2857142857142857,0.5428571428571429,6
450,954,.10,100,21,2,8,Emily,9,0,0,0,0,1,1,0,400,1,.001,0,0,1,3,4,4,5,3,4,4,3,2,2,1,1,1,2,1,1,1,3,3,3,4,5,5,2,2,3,3,4,4,5,1,1,1,0,1,1,1,1,2,NA,39,1,6,2,3,70384803,1,1,2,1,30,37,7,21,1,1,0.75,0.2857142857142857,0.5178571428571428,8
451,1031,0.05,100,7,2,8,Emily,27,1,0,0,0,1,1,0,500,10,0.001,1,1,1,4,4,1,5,3,2,4,3,1,1,1,1,1,1,1,1,1,1,1,1,5,1,1,1,1,3,2,3,1,4,1,1,1,1,1,1,0,1,1,NA,35,6,5,1,3,73695814,1,1,3,3,26,22,7,12,1,1,0.65,0.42857142857142855,0.5392857142857143,10
452,367,0.10,10,24,SECOND,8,EMILY,27,0,0,0,1,1,1,0,500,10,10,1,1,0,4,5,5,4,4,3,2,4,5,3,2,4,4,5,4,4,5,2,4,4,4,4,5,5,6,5,5,6,6,6,1,1,1,1,1,0,1,1,1,NA,26,1,8,1,3,81339568,1,1,3,2,31,52,7,46,1,1,0.775,0.42857142857142855,0.6017857142857143,9
456,1388,.10,100,24,First,7,June,9,0,0,0,0,0,0,0,333,10,.01,0,1,0,4,4,4,2,4,2,2,4,2,2,1,2,3,2,2,2,1,2,2,2,5,5,5,5,5,5,5,5,5,4,1,1,0,1,1,1,1,1,2,NA,40,1,7,3,3,12188596,1,1,0,1,26,49,7,23,1,1,0.65,0,0.325,8
458,690,.10,100 minutes,47,First place.,8,June,27,0,0,1,0,1,0,0,500,10,.1 percent,1,1,0,3,5,5,5,5,5,5,5,5,5,5,1,1,5,5,3,5,3,3,5,1,1,1,1,1,1,1,1,1,1,1,1,1,1,1,1,1,0,2,NA,48,1,9,1,3,55160374,1,1,2,2,38,10,7,46,1,1,0.95,0.2857142857142857,0.6178571428571429,9
462,524,.05,5 minutes,47,second place,8,Emily,3,1,1,1,1,1,1,0,500,10,10%,1,1,0,3,4,4,4,4,3,5,1,1,1,1,1,1,1,1,1,1,1,1,2,2,5,3,1,1,2,2,2,2,5,1,1,1,1,1,1,1,1,2,NA,37,1,8,1,2,33890114,1,1,6,2,28,25,8,13,1,1,0.7,0.8571428571428571,0.7785714285714285,10
463,606,$0.10,100,47,1st,8,Emily,"None if there is a hole, 27 if you count the space or dirt removed",0,0,1,0,1,1,1,500,10 people,0.1%,1,1,1,3,5,5,5,2,5,5,5,2,2,2,2,2,3,3,2,2,3,3,3,6,6,6,3,3,5,5,5,5,5,1,1,0,0,1,1,1,1,2,NA,25,1,7,2,2,51697735,1,1,4,3,35,49,6,29,1,1,0.875,0.5714285714285714,0.7232142857142857,9
464,1169,0.05,100 minutes,No sure,First place,7,June,27,1,0,0,0,0,0,0,50%,10,0.1%,0,1,1,3,5,5,5,3,3,5,4,3,3,2,4,2,2,2,3,3,3,5,4,5,2,1,1,2,2,1,4,4,4,1,1,1,1,1,1,1,1,1,NA,37,3,8,5,1,10445204,1,1,1,2,33,26,8,36,1,1,0.825,0.14285714285714285,0.4839285714285714,10
465,2002,0.10,5,47,second,8,Emily,27,0,1,1,1,1,1,0,500,10,10,1,1,0,3,3,3,3,3,3,3,3,3,3,3,3,3,3,3,3,3,3,3,3,3,4,4,3,3,5,4,3,4,5,1,1,1,1,1,1,1,0,2,NA,28,1,5,3,2,6806823,1,1,5,2,24,38,7,36,1,1,0.6,0.7142857142857143,0.6571428571428571,9
467,694,10 cents,5 min,47 days,second place,8 sheep,Emily,0,0,1,1,1,1,1,1,500,50 percent,0.1 percent,1,0,0,3,4,3,5,3,3,4,3,3,3,3,2,3,3,4,3,3,2,3,3,4,4,3,3,3,3,3,4,3,3,1,1,1,1,1,0,1,1,2,NA,39,1,5,1,2,76457064,1,1,6,1,28,33,7,35,1,1,0.7,0.8571428571428571,0.7785714285714285,8
468,607,.10,100,24,second,15,june,3,0,0,0,1,0,0,0,800,10,1,0,1,0,2,4,3,4,3,3,3,4,4,4,1,2,2,2,2,3,3,3,3,3,4,3,3,3,3,4,3,4,4,4,1,0,0,0,1,1,1,0,2,NA,34,5,4,2,4,45626200,1,1,1,1,26,35,4,32,1,1,0.65,0.14285714285714285,0.39642857142857146,5
469,1477,10 cents,500,24 days,first,8 sheep,Emily,9,0,0,0,0,1,1,0,500,100,.01%,1,0,0,4,5,5,5,4,5,5,4,1,1,1,1,1,1,1,1,1,1,1,1,6,4,4,3,3,6,3,3,4,6,1,1,1,0,1,1,1,1,3,NA,28,1,9,5,2,7646152,1,1,2,1,37,42,7,12,1,1,0.925,0.2857142857142857,0.6053571428571429,8
470,619,5 cents,5 minutes,47,second,8,emily,27,1,1,1,1,1,1,0,500,10,.001,1,1,1,3,5,5,5,3,5,5,5,1,1,1,2,1,1,1,1,1,1,1,1,6,6,6,4,5,4,4,4,6,6,1,1,1,1,1,1,0,1,1,NA,34,2,8,3,1,51788156,1,1,6,3,36,51,7,13,1,1,0.9,0.8571428571428571,0.8785714285714286,10
471,760,$0.05,1minute,47 days,Second,8,Emily,27,1,0,1,1,1,1,0,500,10,0.1%,1,1,1,2,5,4,3,5,4,5,4,1,1,1,1,2,2,2,4,3,3,4,2,6,3,5,3,3,6,5,1,5,6,1,1,1,1,1,1,1,1,2,NA,34,1,8,2,3,25622787,1,1,5,3,32,43,8,26,1,1,0.8,0.7142857142857143,0.7571428571428571,11
472,821,0.05,100,47 days,1st place,7,June,27,1,0,1,0,0,0,0,3,10 people,0.1%,0,1,1,1,4,3,3,2,2,3,3,4,4,2,2,2,4,4,4,3,3,4,5,3,4,4,3,3,3,3,4,4,4,1,1,1,1,1,1,1,0,2,NA,41,4,9,1,2,40087264,1,1,2,2,21,35,7,41,1,1,0.525,0.2857142857142857,0.40535714285714286,9
473,649,$.10,100 minutes,47 days,First,7,Emily,27,0,0,1,0,0,1,0,333,10,.01,0,1,0,4,4,3,4,2,2,4,2,5,5,4,3,2,4,4,4,4,3,4,4,5,4,4,5,4,4,4,4,4,4,1,1,1,1,1,1,1,1,2,NA,24,1,8,1,2,24353895,1,1,2,1,25,42,8,46,1,1,0.625,0.2857142857142857,0.45535714285714285,9
474,2530,$0.05,5 minutes,24 days,Second,8,Emily,0,1,1,0,1,1,1,1,500,10,10%,1,1,0,4,2,2,5,3,2,4,2,2,2,2,1,1,1,1,1,2,1,4,1,1,3,1,2,4,1,1,3,3,4,1,0,0,1,0,1,1,1,2,NA,31,2,8,5,3,66724642,1,1,6,2,24,23,5,19,1,1,0.6,0.8571428571428571,0.7285714285714285,7
475,1584,.10,100,24,second,8,emily,3,0,0,0,1,1,1,0,500,10,.1,1,1,0,3,4,5,5,4,4,4,3,2,1,1,1,1,1,1,1,1,1,2,1,6,4,2,4,4,2,2,4,2,3,1,1,0,0,1,1,1,0,2,NA,29,2,8,2,3,74377056,1,1,3,2,32,33,5,14,1,1,0.8,0.42857142857142855,0.6142857142857143,7
477,2203,"The ball is free, plus ten cent tax",100 minutes,24 days,second place,8,Emily,There is no dirt in a hole,0,0,0,1,1,1,1,500,1, a tenth of a percent,1,0,1,4,4,4,5,5,5,5,4,1,1,1,1,1,1,1,1,1,1,1,1,6,6,6,5,5,6,5,5,6,6,1,1,1,1,1,0,1,0,1,NA,57,3,8,2,2,58779494,1,1,4,2,36,56,6,12,1,1,0.9,0.5714285714285714,0.7357142857142858,8
479,392,$.10,1 minute,24,1st,8,June,27,0,0,0,0,1,0,0,500,10,1%,1,1,0,3,4,2,4,1,2,4,2,2,4,4,4,4,3,4,4,4,4,4,4,2,5,4,1,1,2,2,4,2,2,1,0,0,1,1,0,1,0,2,NA,62,1,5,5,2,8446339,1,1,1,2,22,25,4,45,1,1,0.55,0.14285714285714285,0.3464285714285714,6
